State,Time,Device,Unit,
213.700775,2024-09-11T16:00:39.000Z,illuminance_sensor,lux,
196.948807,2024-09-11T16:02:39.000Z,illuminance_sensor,lux,
179.857269,2024-09-11T16:04:39.000Z,illuminance_sensor,lux,
164.576767,2024-09-11T16:06:39.000Z,illuminance_sensor,lux,
149.862183,2024-09-11T16:08:41.000Z,illuminance_sensor,lux,
135.826752,2024-09-11T16:10:39.000Z,illuminance_sensor,lux,
122.24408,2024-09-11T16:12:39.000Z,illuminance_sensor,lux,
109.453735,2024-09-11T16:14:39.000Z,illuminance_sensor,lux,
97.342514,2024-09-11T16:16:39.000Z,illuminance_sensor,lux,
85.684052,2024-09-11T16:18:39.000Z,illuminance_sensor,lux,
74.59153,2024-09-11T16:20:39.000Z,illuminance_sensor,lux,
64.404526,2024-09-11T16:22:39.000Z,illuminance_sensor,lux,
54.896648,2024-09-11T16:24:39.000Z,illuminance_sensor,lux,
46.520668,2024-09-11T16:26:39.000Z,illuminance_sensor,lux,
38.823814,2024-09-11T16:28:39.000Z,illuminance_sensor,lux,
31.806099,2024-09-11T16:30:39.000Z,illuminance_sensor,lux,
25.580708,2024-09-11T16:32:39.000Z,illuminance_sensor,lux,
20.147636,2024-09-11T16:34:39.000Z,illuminance_sensor,lux,
15.3937,2024-09-11T16:36:39.000Z,illuminance_sensor,lux,
11.658463,2024-09-11T16:38:39.000Z,illuminance_sensor,lux,
8.489172,2024-09-11T16:40:41.000Z,illuminance_sensor,lux,
5.999015,2024-09-11T16:42:39.000Z,illuminance_sensor,lux,
4.187992,2024-09-11T16:44:39.000Z,illuminance_sensor,lux,
2.829724,2024-09-11T16:46:39.000Z,illuminance_sensor,lux,
1.811023,2024-09-11T16:48:39.000Z,illuminance_sensor,lux,
1.13189,2024-09-11T16:50:39.000Z,illuminance_sensor,lux,
0.679134,2024-09-11T16:52:39.000Z,illuminance_sensor,lux,
0.339567,2024-09-11T16:54:39.000Z,illuminance_sensor,lux,
0.226378,2024-09-11T16:56:39.000Z,illuminance_sensor,lux,
0.113189,2024-09-11T16:58:41.000Z,illuminance_sensor,lux,
0,2024-09-11T17:00:39.000Z,illuminance_sensor,lux,
0,2024-09-11T17:02:41.000Z,illuminance_sensor,lux,
0,2024-09-11T17:04:39.000Z,illuminance_sensor,lux,
0,2024-09-11T17:06:39.000Z,illuminance_sensor,lux,
0,2024-09-11T17:08:39.000Z,illuminance_sensor,lux,
0,2024-09-11T17:10:39.000Z,illuminance_sensor,lux,
0,2024-09-11T17:12:39.000Z,illuminance_sensor,lux,
0,2024-09-11T17:18:39.000Z,illuminance_sensor,lux,
0,2024-09-11T17:22:39.000Z,illuminance_sensor,lux,
0,2024-09-11T17:24:41.000Z,illuminance_sensor,lux,
0,2024-09-11T17:26:39.000Z,illuminance_sensor,lux,
0,2024-09-11T17:28:39.000Z,illuminance_sensor,lux,
0,2024-09-11T17:32:39.000Z,illuminance_sensor,lux,
0,2024-09-11T17:38:40.000Z,illuminance_sensor,lux,
0,2024-09-11T17:40:39.000Z,illuminance_sensor,lux,
0,2024-09-11T17:42:40.000Z,illuminance_sensor,lux,
0,2024-09-11T17:44:39.000Z,illuminance_sensor,lux,
0,2024-09-11T17:46:39.000Z,illuminance_sensor,lux,
0,2024-09-11T17:48:39.000Z,illuminance_sensor,lux,
0,2024-09-11T17:50:39.000Z,illuminance_sensor,lux,
0,2024-09-11T17:52:39.000Z,illuminance_sensor,lux,
0,2024-09-11T17:54:39.000Z,illuminance_sensor,lux,
0,2024-09-11T17:56:39.000Z,illuminance_sensor,lux,
0,2024-09-11T17:58:39.000Z,illuminance_sensor,lux,
0,2024-09-11T18:00:39.000Z,illuminance_sensor,lux,
0,2024-09-11T18:02:41.000Z,illuminance_sensor,lux,
0,2024-09-11T18:08:39.000Z,illuminance_sensor,lux,
0,2024-09-11T18:10:39.000Z,illuminance_sensor,lux,
0,2024-09-11T18:12:40.000Z,illuminance_sensor,lux,
0,2024-09-11T18:14:40.000Z,illuminance_sensor,lux,
0,2024-09-11T18:16:39.000Z,illuminance_sensor,lux,
0,2024-09-11T18:18:39.000Z,illuminance_sensor,lux,
0,2024-09-11T18:20:39.000Z,illuminance_sensor,lux,
0,2024-09-11T18:22:39.000Z,illuminance_sensor,lux,
0,2024-09-11T18:24:41.000Z,illuminance_sensor,lux,
0,2024-09-11T18:26:40.000Z,illuminance_sensor,lux,
0,2024-09-11T18:28:39.000Z,illuminance_sensor,lux,
0,2024-09-11T18:30:39.000Z,illuminance_sensor,lux,
0,2024-09-11T18:32:40.000Z,illuminance_sensor,lux,
0,2024-09-11T18:34:39.000Z,illuminance_sensor,lux,
0,2024-09-11T18:36:39.000Z,illuminance_sensor,lux,
0,2024-09-11T18:38:39.000Z,illuminance_sensor,lux,
0,2024-09-11T18:40:41.000Z,illuminance_sensor,lux,
0,2024-09-11T18:42:39.000Z,illuminance_sensor,lux,
0,2024-09-11T18:44:39.000Z,illuminance_sensor,lux,
0,2024-09-11T18:46:41.000Z,illuminance_sensor,lux,
0,2024-09-11T18:48:39.000Z,illuminance_sensor,lux,
0,2024-09-11T18:50:40.000Z,illuminance_sensor,lux,
0,2024-09-11T18:52:39.000Z,illuminance_sensor,lux,
0,2024-09-11T18:54:41.000Z,illuminance_sensor,lux,
0,2024-09-11T18:56:39.000Z,illuminance_sensor,lux,
0,2024-09-11T18:58:39.000Z,illuminance_sensor,lux,
0,2024-09-11T19:00:39.000Z,illuminance_sensor,lux,
0,2024-09-11T19:02:39.000Z,illuminance_sensor,lux,
0,2024-09-11T19:04:39.000Z,illuminance_sensor,lux,
0,2024-09-11T19:06:39.000Z,illuminance_sensor,lux,
0,2024-09-11T19:08:39.000Z,illuminance_sensor,lux,
0,2024-09-11T19:10:41.000Z,illuminance_sensor,lux,
0,2024-09-11T19:12:39.000Z,illuminance_sensor,lux,
0,2024-09-11T19:14:39.000Z,illuminance_sensor,lux,
0,2024-09-11T19:16:39.000Z,illuminance_sensor,lux,
0,2024-09-11T19:18:41.000Z,illuminance_sensor,lux,
0,2024-09-11T19:20:39.000Z,illuminance_sensor,lux,
0,2024-09-11T19:22:39.000Z,illuminance_sensor,lux,
0,2024-09-11T19:24:39.000Z,illuminance_sensor,lux,
0,2024-09-11T19:26:39.000Z,illuminance_sensor,lux,
0,2024-09-11T19:28:40.000Z,illuminance_sensor,lux,
0,2024-09-11T19:30:39.000Z,illuminance_sensor,lux,
0,2024-09-11T19:32:39.000Z,illuminance_sensor,lux,
0,2024-09-11T19:34:41.000Z,illuminance_sensor,lux,
0,2024-09-11T19:36:40.000Z,illuminance_sensor,lux,
0,2024-09-11T19:38:41.000Z,illuminance_sensor,lux,
0,2024-09-11T19:40:39.000Z,illuminance_sensor,lux,
0,2024-09-11T19:42:39.000Z,illuminance_sensor,lux,
0,2024-09-11T19:44:39.000Z,illuminance_sensor,lux,
0,2024-09-11T19:46:41.000Z,illuminance_sensor,lux,
0,2024-09-11T19:48:39.000Z,illuminance_sensor,lux,
0,2024-09-11T19:50:39.000Z,illuminance_sensor,lux,
0,2024-09-11T19:52:39.000Z,illuminance_sensor,lux,
0,2024-09-11T19:54:39.000Z,illuminance_sensor,lux,
0,2024-09-11T19:56:39.000Z,illuminance_sensor,lux,
0,2024-09-11T19:58:39.000Z,illuminance_sensor,lux,
0,2024-09-11T20:00:41.000Z,illuminance_sensor,lux,
0,2024-09-11T20:02:41.000Z,illuminance_sensor,lux,
0,2024-09-11T20:04:39.000Z,illuminance_sensor,lux,
0,2024-09-11T20:06:41.000Z,illuminance_sensor,lux,
0,2024-09-11T20:08:41.000Z,illuminance_sensor,lux,
0,2024-09-11T20:10:39.000Z,illuminance_sensor,lux,
0,2024-09-11T20:12:39.000Z,illuminance_sensor,lux,
0,2024-09-11T20:14:40.000Z,illuminance_sensor,lux,
0,2024-09-11T20:16:40.000Z,illuminance_sensor,lux,
0,2024-09-11T20:18:41.000Z,illuminance_sensor,lux,
0,2024-09-11T20:20:39.000Z,illuminance_sensor,lux,
0,2024-09-11T20:22:41.000Z,illuminance_sensor,lux,
0,2024-09-11T20:24:39.000Z,illuminance_sensor,lux,
0,2024-09-11T20:26:39.000Z,illuminance_sensor,lux,
0,2024-09-11T20:28:39.000Z,illuminance_sensor,lux,
0,2024-09-11T20:30:39.000Z,illuminance_sensor,lux,
0,2024-09-11T20:32:41.000Z,illuminance_sensor,lux,
0,2024-09-11T20:34:42.000Z,illuminance_sensor,lux,
0,2024-09-11T20:36:40.000Z,illuminance_sensor,lux,
0,2024-09-11T20:38:39.000Z,illuminance_sensor,lux,
0,2024-09-11T20:40:39.000Z,illuminance_sensor,lux,
0,2024-09-11T20:42:39.000Z,illuminance_sensor,lux,
0,2024-09-11T20:44:39.000Z,illuminance_sensor,lux,
0,2024-09-11T20:46:40.000Z,illuminance_sensor,lux,
0,2024-09-11T20:48:40.000Z,illuminance_sensor,lux,
0,2024-09-11T20:50:42.000Z,illuminance_sensor,lux,
0,2024-09-11T20:52:39.000Z,illuminance_sensor,lux,
0,2024-09-11T20:54:05.000Z,illuminance_sensor,lux,
0,2024-09-11T20:56:05.000Z,illuminance_sensor,lux,
0,2024-09-11T20:58:19.000Z,illuminance_sensor,lux,
0,2024-09-11T21:00:43.000Z,illuminance_sensor,lux,
0,2024-09-11T21:02:43.000Z,illuminance_sensor,lux,
0,2024-09-11T21:04:20.000Z,illuminance_sensor,lux,
0,2024-09-11T21:06:52.000Z,illuminance_sensor,lux,
0,2024-09-11T21:09:10.000Z,illuminance_sensor,lux,
0,2024-09-11T21:11:08.000Z,illuminance_sensor,lux,
0,2024-09-11T21:16:10.000Z,illuminance_sensor,lux,
0,2024-09-11T21:18:30.000Z,illuminance_sensor,lux,
0,2024-09-11T21:19:54.000Z,illuminance_sensor,lux,
0,2024-09-11T21:22:36.000Z,illuminance_sensor,lux,
0,2024-09-11T21:25:20.000Z,illuminance_sensor,lux,
0,2024-09-11T21:28:36.000Z,illuminance_sensor,lux,
0,2024-09-11T21:32:49.000Z,illuminance_sensor,lux,
0,2024-09-11T21:33:52.000Z,illuminance_sensor,lux,
0,2024-09-11T21:35:53.000Z,illuminance_sensor,lux,
0,2024-09-11T21:37:17.000Z,illuminance_sensor,lux,
0,2024-09-11T21:42:14.000Z,illuminance_sensor,lux,
0,2024-09-11T21:52:52.000Z,illuminance_sensor,lux,
0,2024-09-11T21:54:06.000Z,illuminance_sensor,lux,
0,2024-09-11T21:57:26.000Z,illuminance_sensor,lux,
0,2024-09-11T21:58:32.000Z,illuminance_sensor,lux,
0,2024-09-11T22:00:25.000Z,illuminance_sensor,lux,
0,2024-09-11T22:10:38.000Z,illuminance_sensor,lux,
0,2024-09-11T22:12:38.000Z,illuminance_sensor,lux,
0,2024-09-11T22:35:20.000Z,illuminance_sensor,lux,
0,2024-09-11T22:37:18.000Z,illuminance_sensor,lux,
0,2024-09-11T23:05:46.000Z,illuminance_sensor,lux,
0,2024-09-11T23:11:36.000Z,illuminance_sensor,lux,
0,2024-09-11T23:21:26.000Z,illuminance_sensor,lux,
0,2024-09-11T23:25:16.000Z,illuminance_sensor,lux,
0,2024-09-11T23:27:47.000Z,illuminance_sensor,lux,
0,2024-09-11T23:50:34.000Z,illuminance_sensor,lux,
0,2024-09-11T23:51:35.000Z,illuminance_sensor,lux,
0,2024-09-12T00:06:52.000Z,illuminance_sensor,lux,
0,2024-09-12T00:19:07.000Z,illuminance_sensor,lux,
0,2024-09-12T00:20:44.000Z,illuminance_sensor,lux,
0,2024-09-12T00:21:51.000Z,illuminance_sensor,lux,
0,2024-09-12T00:27:30.000Z,illuminance_sensor,lux,
0,2024-09-12T00:29:41.000Z,illuminance_sensor,lux,
0,2024-09-12T00:32:32.000Z,illuminance_sensor,lux,
0,2024-09-12T00:36:15.000Z,illuminance_sensor,lux,
0,2024-09-12T00:37:30.000Z,illuminance_sensor,lux,
0,2024-09-12T00:42:02.000Z,illuminance_sensor,lux,
0,2024-09-12T00:59:06.000Z,illuminance_sensor,lux,
0,2024-09-12T01:01:29.000Z,illuminance_sensor,lux,
0,2024-09-12T01:33:09.000Z,illuminance_sensor,lux,
0,2024-09-12T01:34:24.000Z,illuminance_sensor,lux,
0,2024-09-12T01:36:35.000Z,illuminance_sensor,lux,
0,2024-09-12T01:40:21.000Z,illuminance_sensor,lux,
0,2024-09-12T01:42:59.000Z,illuminance_sensor,lux,
0,2024-09-12T01:45:29.000Z,illuminance_sensor,lux,
0,2024-09-12T01:46:57.000Z,illuminance_sensor,lux,
0,2024-09-12T01:48:46.000Z,illuminance_sensor,lux,
0,2024-09-12T01:50:03.000Z,illuminance_sensor,lux,
0,2024-09-12T01:55:15.000Z,illuminance_sensor,lux,
0,2024-09-12T02:17:27.000Z,illuminance_sensor,lux,
0,2024-09-12T02:21:12.000Z,illuminance_sensor,lux,
0,2024-09-12T02:23:08.000Z,illuminance_sensor,lux,
0,2024-09-12T02:42:56.000Z,illuminance_sensor,lux,
0,2024-09-12T02:49:04.000Z,illuminance_sensor,lux,
0,2024-09-12T02:54:53.000Z,illuminance_sensor,lux,
0,2024-09-12T03:00:21.000Z,illuminance_sensor,lux,
0,2024-09-12T03:03:26.000Z,illuminance_sensor,lux,
0,2024-09-12T03:06:30.000Z,illuminance_sensor,lux,
0,2024-09-12T03:09:36.000Z,illuminance_sensor,lux,
0,2024-09-12T03:11:44.000Z,illuminance_sensor,lux,
0,2024-09-12T03:17:20.000Z,illuminance_sensor,lux,
0,2024-09-12T03:19:21.000Z,illuminance_sensor,lux,
0,2024-09-12T03:23:10.000Z,illuminance_sensor,lux,
0,2024-09-12T03:29:20.000Z,illuminance_sensor,lux,
0,2024-09-12T03:31:34.000Z,illuminance_sensor,lux,
0,2024-09-12T03:36:38.000Z,illuminance_sensor,lux,
0,2024-09-12T03:41:52.000Z,illuminance_sensor,lux,
0,2024-09-12T03:45:03.000Z,illuminance_sensor,lux,
0,2024-09-12T03:58:05.000Z,illuminance_sensor,lux,
11.092519,2024-09-12T04:45:43.000Z,illuminance_sensor,lux,
13.243109,2024-09-12T04:46:36.000Z,illuminance_sensor,lux,
180.649597,2024-09-12T05:23:08.000Z,illuminance_sensor,lux,
194.685028,2024-09-12T05:25:54.000Z,illuminance_sensor,lux,
206.796249,2024-09-12T05:28:57.000Z,illuminance_sensor,lux,
209.512772,2024-09-12T05:30:16.000Z,illuminance_sensor,lux,
224.000977,2024-09-12T05:33:47.000Z,illuminance_sensor,lux,
351.225372,2024-09-12T05:43:53.000Z,illuminance_sensor,lux,
570.92511,2024-09-12T06:05:56.000Z,illuminance_sensor,lux,
934.827637,2024-09-12T06:20:16.000Z,illuminance_sensor,lux,
958.597351,2024-09-12T06:22:32.000Z,illuminance_sensor,lux,
965.615112,2024-09-12T06:24:56.000Z,illuminance_sensor,lux,
902.795227,2024-09-12T06:29:33.000Z,illuminance_sensor,lux,
995.15741,2024-09-12T06:33:53.000Z,illuminance_sensor,lux,
1030.245972,2024-09-12T06:36:01.000Z,illuminance_sensor,lux,
1046.205566,2024-09-12T06:37:23.000Z,illuminance_sensor,lux,
1083.671143,2024-09-12T06:42:48.000Z,illuminance_sensor,lux,
1097.819824,2024-09-12T06:44:04.000Z,illuminance_sensor,lux,
1112.987061,2024-09-12T06:46:17.000Z,illuminance_sensor,lux,
1124.532349,2024-09-12T06:48:18.000Z,illuminance_sensor,lux,
1131.210571,2024-09-12T06:49:27.000Z,illuminance_sensor,lux,
1137.322754,2024-09-12T06:50:33.000Z,illuminance_sensor,lux,
1146.264648,2024-09-12T06:51:44.000Z,illuminance_sensor,lux,
1152.150513,2024-09-12T06:53:17.000Z,illuminance_sensor,lux,
1162.337524,2024-09-12T06:54:31.000Z,illuminance_sensor,lux,
1167.43103,2024-09-12T06:56:09.000Z,illuminance_sensor,lux,
1167.883789,2024-09-12T06:58:49.000Z,illuminance_sensor,lux,
1179.768555,2024-09-12T07:01:11.000Z,illuminance_sensor,lux,
1196.180908,2024-09-12T07:04:08.000Z,illuminance_sensor,lux,
1220.516602,2024-09-12T07:07:24.000Z,illuminance_sensor,lux,
1239.758789,2024-09-12T07:09:37.000Z,illuminance_sensor,lux,
1246.66333,2024-09-12T07:11:03.000Z,illuminance_sensor,lux,
1252.775513,2024-09-12T07:12:10.000Z,illuminance_sensor,lux,
1256.057983,2024-09-12T07:13:42.000Z,illuminance_sensor,lux,
1263.075684,2024-09-12T07:15:36.000Z,illuminance_sensor,lux,
1289.901489,2024-09-12T07:17:53.000Z,illuminance_sensor,lux,
1296.013672,2024-09-12T07:18:57.000Z,illuminance_sensor,lux,
1322.27356,2024-09-12T07:21:08.000Z,illuminance_sensor,lux,
1315.708496,2024-09-12T07:23:13.000Z,illuminance_sensor,lux,
794.020569,2024-09-12T07:25:12.000Z,illuminance_sensor,lux,
1379.09436,2024-09-12T07:27:48.000Z,illuminance_sensor,lux,
1405.807007,2024-09-12T07:29:48.000Z,illuminance_sensor,lux,
1398.676147,2024-09-12T07:31:50.000Z,illuminance_sensor,lux,
473.809021,2024-09-12T07:33:50.000Z,illuminance_sensor,lux,
1421.200684,2024-09-12T07:36:07.000Z,illuminance_sensor,lux,
1444.970337,2024-09-12T07:38:25.000Z,illuminance_sensor,lux,
1468.287354,2024-09-12T07:39:29.000Z,illuminance_sensor,lux,
1460.024414,2024-09-12T07:41:29.000Z,illuminance_sensor,lux,
1538.803955,2024-09-12T07:43:37.000Z,illuminance_sensor,lux,
1553.065796,2024-09-12T07:44:34.000Z,illuminance_sensor,lux,
1495.678955,2024-09-12T07:46:34.000Z,illuminance_sensor,lux,
692.490112,2024-09-12T07:49:05.000Z,illuminance_sensor,lux,
695.772583,2024-09-12T07:50:56.000Z,illuminance_sensor,lux,
1697.155273,2024-09-12T07:53:08.000Z,illuminance_sensor,lux,
1700.437866,2024-09-12T07:55:08.000Z,illuminance_sensor,lux,
1731.791138,2024-09-12T07:57:08.000Z,illuminance_sensor,lux,
1401.732178,2024-09-12T07:59:51.000Z,illuminance_sensor,lux,
1700.890503,2024-09-12T08:02:31.000Z,illuminance_sensor,lux,
1700.890503,2024-09-12T08:04:32.000Z,illuminance_sensor,lux,
1162.224243,2024-09-12T08:12:28.000Z,illuminance_sensor,lux,
941.16626,2024-09-12T08:10:28.000Z,illuminance_sensor,lux,
1898.065796,2024-09-12T08:14:31.000Z,illuminance_sensor,lux,
1957.942749,2024-09-12T08:16:28.000Z,illuminance_sensor,lux,
1830.265503,2024-09-12T08:18:28.000Z,illuminance_sensor,lux,
880.610168,2024-09-12T08:20:28.000Z,illuminance_sensor,lux,
854.803101,2024-09-12T08:22:28.000Z,illuminance_sensor,lux,
1084.123901,2024-09-12T08:26:28.000Z,illuminance_sensor,lux,
1124.532349,2024-09-12T08:28:28.000Z,illuminance_sensor,lux,
1141.85022,2024-09-12T08:30:28.000Z,illuminance_sensor,lux,
1079.709595,2024-09-12T08:32:29.000Z,illuminance_sensor,lux,
1052.544189,2024-09-12T08:34:29.000Z,illuminance_sensor,lux,
1058.769531,2024-09-12T08:36:30.000Z,illuminance_sensor,lux,
1035.679077,2024-09-12T08:40:28.000Z,illuminance_sensor,lux,
1014.625854,2024-09-12T08:42:28.000Z,illuminance_sensor,lux,
944.109192,2024-09-12T08:44:28.000Z,illuminance_sensor,lux,
938.223328,2024-09-12T08:46:28.000Z,illuminance_sensor,lux,
934.261719,2024-09-12T08:48:28.000Z,illuminance_sensor,lux,
935.733215,2024-09-12T08:50:28.000Z,illuminance_sensor,lux,
934.488098,2024-09-12T08:52:28.000Z,illuminance_sensor,lux,
895.777466,2024-09-12T08:54:28.000Z,illuminance_sensor,lux,
872.68689,2024-09-12T08:56:29.000Z,illuminance_sensor,lux,
858.877869,2024-09-12T08:58:28.000Z,illuminance_sensor,lux,
843.710571,2024-09-12T09:00:28.000Z,illuminance_sensor,lux,
826.166321,2024-09-12T09:02:29.000Z,illuminance_sensor,lux,
821.978271,2024-09-12T09:04:30.000Z,illuminance_sensor,lux,
821.865112,2024-09-12T09:06:29.000Z,illuminance_sensor,lux,
826.392639,2024-09-12T09:08:29.000Z,illuminance_sensor,lux,
855.255859,2024-09-12T09:10:30.000Z,illuminance_sensor,lux,
872.68689,2024-09-12T09:12:28.000Z,illuminance_sensor,lux,
866.008789,2024-09-12T09:14:31.000Z,illuminance_sensor,lux,
854.350281,2024-09-12T09:16:30.000Z,illuminance_sensor,lux,
882.873901,2024-09-12T09:18:35.000Z,illuminance_sensor,lux,
947.504822,2024-09-12T09:19:43.000Z,illuminance_sensor,lux,
974.443848,2024-09-12T09:21:43.000Z,illuminance_sensor,lux,
1006.476257,2024-09-12T09:22:55.000Z,illuminance_sensor,lux,
1023.341492,2024-09-12T09:23:57.000Z,illuminance_sensor,lux,
1047.903442,2024-09-12T09:25:58.000Z,illuminance_sensor,lux,
1134.945801,2024-09-12T09:27:12.000Z,illuminance_sensor,lux,
1220.96936,2024-09-12T09:29:26.000Z,illuminance_sensor,lux,
1251.530396,2024-09-12T09:31:23.000Z,illuminance_sensor,lux,
1287.184937,2024-09-12T09:33:25.000Z,illuminance_sensor,lux,
1327.819824,2024-09-12T09:35:23.000Z,illuminance_sensor,lux,
1364.266602,2024-09-12T09:37:25.000Z,illuminance_sensor,lux,
1390.866089,2024-09-12T09:39:23.000Z,illuminance_sensor,lux,
1425.275513,2024-09-12T09:41:23.000Z,illuminance_sensor,lux,
1493.641602,2024-09-12T09:43:23.000Z,illuminance_sensor,lux,
1431.387695,2024-09-12T09:45:23.000Z,illuminance_sensor,lux,
1391.545166,2024-09-12T09:47:24.000Z,illuminance_sensor,lux,
1378.528442,2024-09-12T09:49:23.000Z,illuminance_sensor,lux,
1435.915161,2024-09-12T09:51:23.000Z,illuminance_sensor,lux,
1522.278442,2024-09-12T09:53:23.000Z,illuminance_sensor,lux,
1741.412231,2024-09-12T09:55:23.000Z,illuminance_sensor,lux,
1435.688965,2024-09-12T09:57:23.000Z,illuminance_sensor,lux,
1399.694824,2024-09-12T09:59:23.000Z,illuminance_sensor,lux,
1346.722412,2024-09-12T10:01:23.000Z,illuminance_sensor,lux,
1324.537231,2024-09-12T10:03:23.000Z,illuminance_sensor,lux,
1330.536377,2024-09-12T10:05:23.000Z,illuminance_sensor,lux,
1342.194702,2024-09-12T10:07:23.000Z,illuminance_sensor,lux,
1373.434937,2024-09-12T10:09:23.000Z,illuminance_sensor,lux,
1478.700684,2024-09-12T10:11:23.000Z,illuminance_sensor,lux,
1463.646606,2024-09-12T10:13:23.000Z,illuminance_sensor,lux,
1452.214478,2024-09-12T10:15:23.000Z,illuminance_sensor,lux,
1470.664307,2024-09-12T10:17:23.000Z,illuminance_sensor,lux,
1467.834473,2024-09-12T10:19:23.000Z,illuminance_sensor,lux,
1507.111084,2024-09-12T10:21:23.000Z,illuminance_sensor,lux,
1562.347412,2024-09-12T10:23:23.000Z,illuminance_sensor,lux,
1426.633789,2024-09-12T10:25:23.000Z,illuminance_sensor,lux,
1404.109253,2024-09-12T10:27:23.000Z,illuminance_sensor,lux,
1355.211548,2024-09-12T10:29:23.000Z,illuminance_sensor,lux,
1368.341431,2024-09-12T10:31:23.000Z,illuminance_sensor,lux,
1450.290283,2024-09-12T10:33:23.000Z,illuminance_sensor,lux,
1769.030396,2024-09-12T10:35:23.000Z,illuminance_sensor,lux,
1626.185913,2024-09-12T10:37:23.000Z,illuminance_sensor,lux,
1518.316772,2024-09-12T10:39:23.000Z,illuminance_sensor,lux,
2087.317627,2024-09-12T10:41:23.000Z,illuminance_sensor,lux,
2574.596436,2024-09-12T10:43:23.000Z,illuminance_sensor,lux,
2578.897461,2024-09-12T10:45:26.000Z,illuminance_sensor,lux,
2619.758789,2024-09-12T10:47:24.000Z,illuminance_sensor,lux,
1973.223267,2024-09-12T10:49:23.000Z,illuminance_sensor,lux,
1973.223267,2024-09-12T10:51:23.000Z,illuminance_sensor,lux,
1794.724243,2024-09-12T10:53:23.000Z,illuminance_sensor,lux,
1727.82959,2024-09-12T10:55:23.000Z,illuminance_sensor,lux,
2605.609863,2024-09-12T10:57:23.000Z,illuminance_sensor,lux,
2942.913086,2024-09-12T10:59:23.000Z,illuminance_sensor,lux,
2720.270508,2024-09-12T11:01:23.000Z,illuminance_sensor,lux,
2946.535156,2024-09-12T11:03:23.000Z,illuminance_sensor,lux,
2946.535156,2024-09-12T11:05:23.000Z,illuminance_sensor,lux,
2786.259521,2024-09-12T11:07:23.000Z,illuminance_sensor,lux,
2919.369873,2024-09-12T11:09:23.000Z,illuminance_sensor,lux,
2879.074707,2024-09-12T11:11:23.000Z,illuminance_sensor,lux,
2026.30896,2024-09-12T11:13:23.000Z,illuminance_sensor,lux,
2055.285156,2024-09-12T11:15:23.000Z,illuminance_sensor,lux,
2568.37085,2024-09-12T11:17:23.000Z,illuminance_sensor,lux,
2537.356934,2024-09-12T11:19:23.000Z,illuminance_sensor,lux,
2488.798828,2024-09-12T11:21:23.000Z,illuminance_sensor,lux,
2456.879639,2024-09-12T11:23:23.000Z,illuminance_sensor,lux,
2463.44458,2024-09-12T11:25:23.000Z,illuminance_sensor,lux,
2471.933838,2024-09-12T11:27:23.000Z,illuminance_sensor,lux,
1957.82959,2024-09-12T11:29:23.000Z,illuminance_sensor,lux,
2052.342285,2024-09-12T11:31:23.000Z,illuminance_sensor,lux,
1396.185913,2024-09-12T11:33:23.000Z,illuminance_sensor,lux,
1190.861206,2024-09-12T11:35:23.000Z,illuminance_sensor,lux,
1216.215454,2024-09-12T11:37:23.000Z,illuminance_sensor,lux,
1179.881714,2024-09-12T11:39:23.000Z,illuminance_sensor,lux,
1160.300171,2024-09-12T11:41:23.000Z,illuminance_sensor,lux,
1189.955566,2024-09-12T11:43:23.000Z,illuminance_sensor,lux,
1242.248901,2024-09-12T11:45:23.000Z,illuminance_sensor,lux,
1341.402466,2024-09-12T11:47:23.000Z,illuminance_sensor,lux,
1378.86792,2024-09-12T11:49:23.000Z,illuminance_sensor,lux,
1357.249023,2024-09-12T11:51:23.000Z,illuminance_sensor,lux,
1359.173096,2024-09-12T11:53:23.000Z,illuminance_sensor,lux,
1410.108154,2024-09-12T11:55:23.000Z,illuminance_sensor,lux,
1466.476196,2024-09-12T11:57:23.000Z,illuminance_sensor,lux,
1499.640625,2024-09-12T11:59:23.000Z,illuminance_sensor,lux,
1506.771606,2024-09-12T12:01:23.000Z,illuminance_sensor,lux,
1506.771606,2024-09-12T12:03:23.000Z,illuminance_sensor,lux,
1398.562866,2024-09-12T12:05:23.000Z,illuminance_sensor,lux,
1300.088501,2024-09-12T12:07:23.000Z,illuminance_sensor,lux,
1252.662354,2024-09-12T12:09:23.000Z,illuminance_sensor,lux,
1218.932007,2024-09-12T12:11:23.000Z,illuminance_sensor,lux,
1202.63269,2024-09-12T12:13:23.000Z,illuminance_sensor,lux,
1180.108154,2024-09-12T12:15:23.000Z,illuminance_sensor,lux,
1169.128906,2024-09-12T12:17:23.000Z,illuminance_sensor,lux,
1209.197754,2024-09-12T12:19:23.000Z,illuminance_sensor,lux,
1225.27063,2024-09-12T12:21:23.000Z,illuminance_sensor,lux,
1181.692871,2024-09-12T12:23:23.000Z,illuminance_sensor,lux,
1158.602295,2024-09-12T12:25:23.000Z,illuminance_sensor,lux,
1189.616089,2024-09-12T12:27:23.000Z,illuminance_sensor,lux,
1212.027466,2024-09-12T12:29:23.000Z,illuminance_sensor,lux,
1216.441895,2024-09-12T12:31:23.000Z,illuminance_sensor,lux,
1192.672119,2024-09-12T12:33:23.000Z,illuminance_sensor,lux,
1203.31189,2024-09-12T12:35:23.000Z,illuminance_sensor,lux,
1231.495972,2024-09-12T12:37:23.000Z,illuminance_sensor,lux,
1227.307983,2024-09-12T12:39:23.000Z,illuminance_sensor,lux,
1231.495972,2024-09-12T12:41:23.000Z,illuminance_sensor,lux,
1252.209473,2024-09-12T12:43:23.000Z,illuminance_sensor,lux,
1234.552002,2024-09-12T12:45:23.000Z,illuminance_sensor,lux,
1208.518677,2024-09-12T12:47:23.000Z,illuminance_sensor,lux,
1199.123901,2024-09-12T12:49:23.000Z,illuminance_sensor,lux,
1181.466431,2024-09-12T12:51:23.000Z,illuminance_sensor,lux,
1106.195801,2024-09-12T12:53:23.000Z,illuminance_sensor,lux,
1046.092407,2024-09-12T12:55:23.000Z,illuminance_sensor,lux,
997.987122,2024-09-12T12:57:23.000Z,illuminance_sensor,lux,
957.805054,2024-09-12T12:59:23.000Z,illuminance_sensor,lux,
906.190918,2024-09-12T13:01:23.000Z,illuminance_sensor,lux,
876.874939,2024-09-12T13:03:23.000Z,illuminance_sensor,lux,
876.422119,2024-09-12T13:05:23.000Z,illuminance_sensor,lux,
918.528442,2024-09-12T13:07:23.000Z,illuminance_sensor,lux,
875.969421,2024-09-12T13:09:20.000Z,illuminance_sensor,lux,
867.593384,2024-09-12T13:11:20.000Z,illuminance_sensor,lux,
828.430054,2024-09-12T13:13:20.000Z,illuminance_sensor,lux,
812.357239,2024-09-12T13:15:20.000Z,illuminance_sensor,lux,
799.340515,2024-09-12T13:17:20.000Z,illuminance_sensor,lux,
795.944824,2024-09-12T13:19:20.000Z,illuminance_sensor,lux,
807.037354,2024-09-12T13:21:20.000Z,illuminance_sensor,lux,
834.768616,2024-09-12T13:23:20.000Z,illuminance_sensor,lux,
846.200684,2024-09-12T13:25:23.000Z,illuminance_sensor,lux,
823.902466,2024-09-12T13:27:23.000Z,illuminance_sensor,lux,
787.342468,2024-09-12T13:29:23.000Z,illuminance_sensor,lux,
770.250916,2024-09-12T13:31:23.000Z,illuminance_sensor,lux,
745.236145,2024-09-12T13:33:23.000Z,illuminance_sensor,lux,
721.91925,2024-09-12T13:35:23.000Z,illuminance_sensor,lux,
714.675171,2024-09-12T13:37:23.000Z,illuminance_sensor,lux,
711.3927,2024-09-12T13:39:23.000Z,illuminance_sensor,lux,
726.899536,2024-09-12T13:41:23.000Z,illuminance_sensor,lux,
739.803101,2024-09-12T13:43:23.000Z,illuminance_sensor,lux,
747.160339,2024-09-12T13:45:23.000Z,illuminance_sensor,lux,
690.679077,2024-09-12T13:47:23.000Z,illuminance_sensor,lux,
638.046265,2024-09-12T13:49:23.000Z,illuminance_sensor,lux,
614.729248,2024-09-12T13:51:23.000Z,illuminance_sensor,lux,
609.522644,2024-09-12T13:53:23.000Z,illuminance_sensor,lux,
626.614075,2024-09-12T13:55:23.000Z,illuminance_sensor,lux,
630.236206,2024-09-12T13:57:23.000Z,illuminance_sensor,lux,
640.649536,2024-09-12T13:59:23.000Z,illuminance_sensor,lux,
671.323792,2024-09-12T14:01:23.000Z,illuminance_sensor,lux,
704.601379,2024-09-12T14:03:23.000Z,illuminance_sensor,lux,
728.144592,2024-09-12T14:05:23.000Z,illuminance_sensor,lux,
719.542297,2024-09-12T14:07:23.000Z,illuminance_sensor,lux,
675.851318,2024-09-12T14:09:23.000Z,illuminance_sensor,lux,
612.239136,2024-09-12T14:11:23.000Z,illuminance_sensor,lux,
587.111206,2024-09-12T14:13:23.000Z,illuminance_sensor,lux,
572.622986,2024-09-12T14:15:23.000Z,illuminance_sensor,lux,
579.527527,2024-09-12T14:17:23.000Z,illuminance_sensor,lux,
593.449768,2024-09-12T14:19:23.000Z,illuminance_sensor,lux,
586.545227,2024-09-12T14:21:23.000Z,illuminance_sensor,lux,
579.074707,2024-09-12T14:23:23.000Z,illuminance_sensor,lux,
620.841492,2024-09-12T14:25:23.000Z,illuminance_sensor,lux,
648.799194,2024-09-12T14:27:23.000Z,illuminance_sensor,lux,
668.494019,2024-09-12T14:29:23.000Z,illuminance_sensor,lux,
668.494019,2024-09-12T14:31:23.000Z,illuminance_sensor,lux,
656.269653,2024-09-12T14:33:23.000Z,illuminance_sensor,lux,
627.632812,2024-09-12T14:35:23.000Z,illuminance_sensor,lux,
534.025574,2024-09-12T14:37:23.000Z,illuminance_sensor,lux,
545.344421,2024-09-12T14:39:23.000Z,illuminance_sensor,lux,
560.39856,2024-09-12T14:41:23.000Z,illuminance_sensor,lux,
560.39856,2024-09-12T14:43:23.000Z,illuminance_sensor,lux,
537.308044,2024-09-12T14:45:23.000Z,illuminance_sensor,lux,
528.479309,2024-09-12T14:47:23.000Z,illuminance_sensor,lux,
554.739136,2024-09-12T14:49:23.000Z,illuminance_sensor,lux,
595.260803,2024-09-12T14:51:24.000Z,illuminance_sensor,lux,
594.355225,2024-09-12T14:53:23.000Z,illuminance_sensor,lux,
559.040283,2024-09-12T14:55:23.000Z,illuminance_sensor,lux,
521.00885,2024-09-12T14:57:23.000Z,illuminance_sensor,lux,
488.184021,2024-09-12T14:59:23.000Z,illuminance_sensor,lux,
463.622009,2024-09-12T15:01:23.000Z,illuminance_sensor,lux,
477.204681,2024-09-12T15:03:23.000Z,illuminance_sensor,lux,
622.992065,2024-09-12T15:05:23.000Z,illuminance_sensor,lux,
650.383789,2024-09-12T15:07:23.000Z,illuminance_sensor,lux,
784.625916,2024-09-12T15:09:23.000Z,illuminance_sensor,lux,
751.574707,2024-09-12T15:11:23.000Z,illuminance_sensor,lux,
709.921204,2024-09-12T15:13:23.000Z,illuminance_sensor,lux,
668.720398,2024-09-12T15:15:23.000Z,illuminance_sensor,lux,
610.088562,2024-09-12T15:17:23.000Z,illuminance_sensor,lux,
568.208618,2024-09-12T15:19:23.000Z,illuminance_sensor,lux,
586.997986,2024-09-12T15:21:23.000Z,illuminance_sensor,lux,
574.547241,2024-09-12T15:23:23.000Z,illuminance_sensor,lux,
508.105286,2024-09-12T15:25:23.000Z,illuminance_sensor,lux,
456.604279,2024-09-12T15:27:23.000Z,illuminance_sensor,lux,
431.476349,2024-09-12T15:29:23.000Z,illuminance_sensor,lux,
413.705688,2024-09-12T15:31:23.000Z,illuminance_sensor,lux,
404.876953,2024-09-12T15:33:23.000Z,illuminance_sensor,lux,
368.316895,2024-09-12T15:35:23.000Z,illuminance_sensor,lux,
345.792297,2024-09-12T15:37:24.000Z,illuminance_sensor,lux,
328.587555,2024-09-12T15:39:23.000Z,illuminance_sensor,lux,
316.589539,2024-09-12T15:41:23.000Z,illuminance_sensor,lux,
292.253906,2024-09-12T15:43:23.000Z,illuminance_sensor,lux,
255.354309,2024-09-12T15:45:24.000Z,illuminance_sensor,lux,
227.283447,2024-09-12T15:47:23.000Z,illuminance_sensor,lux,
221.397614,2024-09-12T15:49:23.000Z,illuminance_sensor,lux,
212.682068,2024-09-12T15:51:23.000Z,illuminance_sensor,lux,
184.498016,2024-09-12T15:53:23.000Z,illuminance_sensor,lux,
136.053146,2024-09-12T15:55:22.000Z,illuminance_sensor,lux,
116.584641,2024-09-12T15:57:24.000Z,illuminance_sensor,lux,
95.418304,2024-09-12T15:59:22.000Z,illuminance_sensor,lux,
77.760826,2024-09-12T16:01:24.000Z,illuminance_sensor,lux,
74.47834,2024-09-12T16:03:22.000Z,illuminance_sensor,lux,
77.874008,2024-09-12T16:04:56.000Z,illuminance_sensor,lux,
81.269676,2024-09-12T16:06:14.000Z,illuminance_sensor,lux,
80.703735,2024-09-12T16:08:18.000Z,illuminance_sensor,lux,
76.742126,2024-09-12T16:10:14.000Z,illuminance_sensor,lux,
72.554123,2024-09-12T16:12:14.000Z,illuminance_sensor,lux,
65.875977,2024-09-12T16:14:14.000Z,illuminance_sensor,lux,
60.895664,2024-09-12T16:16:14.000Z,illuminance_sensor,lux,
50.255905,2024-09-12T16:18:58.000Z,illuminance_sensor,lux,
47.086613,2024-09-12T16:21:00.000Z,illuminance_sensor,lux,
41.879917,2024-09-12T16:23:05.000Z,illuminance_sensor,lux,
36.899605,2024-09-12T16:24:58.000Z,illuminance_sensor,lux,
32.145668,2024-09-12T16:26:58.000Z,illuminance_sensor,lux,
27.504919,2024-09-12T16:28:58.000Z,illuminance_sensor,lux,
23.090549,2024-09-12T16:30:07.000Z,illuminance_sensor,lux,
20.826771,2024-09-12T16:32:08.000Z,illuminance_sensor,lux,
15.28051,2024-09-12T16:34:10.000Z,illuminance_sensor,lux,
13.356298,2024-09-12T16:35:16.000Z,illuminance_sensor,lux,
11.771653,2024-09-12T16:37:14.000Z,illuminance_sensor,lux,
8.82874,2024-09-12T16:38:23.000Z,illuminance_sensor,lux,
7.357283,2024-09-12T16:40:19.000Z,illuminance_sensor,lux,
4.640748,2024-09-12T16:42:00.000Z,illuminance_sensor,lux,
2.942913,2024-09-12T16:44:34.000Z,illuminance_sensor,lux,
1.697834,2024-09-12T16:47:14.000Z,illuminance_sensor,lux,
1.358268,2024-09-12T16:49:10.000Z,illuminance_sensor,lux,
0.339567,2024-09-12T16:53:04.000Z,illuminance_sensor,lux,
0.226378,2024-09-12T16:55:09.000Z,illuminance_sensor,lux,
0.113189,2024-09-12T16:56:30.000Z,illuminance_sensor,lux,
0.113189,2024-09-12T16:58:26.000Z,illuminance_sensor,lux,
0,2024-09-12T17:00:45.000Z,illuminance_sensor,lux,
0,2024-09-12T17:02:36.000Z,illuminance_sensor,lux,
0,2024-09-12T17:03:52.000Z,illuminance_sensor,lux,
0,2024-09-12T17:05:01.000Z,illuminance_sensor,lux,
0,2024-09-12T17:07:30.000Z,illuminance_sensor,lux,
0,2024-09-12T17:08:59.000Z,illuminance_sensor,lux,
0,2024-09-12T17:11:47.000Z,illuminance_sensor,lux,
0,2024-09-12T17:13:03.000Z,illuminance_sensor,lux,
0,2024-09-12T17:14:08.000Z,illuminance_sensor,lux,
0,2024-09-12T17:15:27.000Z,illuminance_sensor,lux,
0,2024-09-12T17:17:50.000Z,illuminance_sensor,lux,
0,2024-09-12T17:19:43.000Z,illuminance_sensor,lux,
0,2024-09-12T17:22:35.000Z,illuminance_sensor,lux,
0,2024-09-12T17:25:04.000Z,illuminance_sensor,lux,
0,2024-09-12T17:27:17.000Z,illuminance_sensor,lux,
0,2024-09-12T17:29:54.000Z,illuminance_sensor,lux,
0,2024-09-12T17:33:16.000Z,illuminance_sensor,lux,
0,2024-09-12T17:35:19.000Z,illuminance_sensor,lux,
0,2024-09-12T17:38:09.000Z,illuminance_sensor,lux,
0,2024-09-12T17:39:27.000Z,illuminance_sensor,lux,
0,2024-09-12T17:40:43.000Z,illuminance_sensor,lux,
0,2024-09-12T17:43:52.000Z,illuminance_sensor,lux,
0,2024-09-12T17:47:58.000Z,illuminance_sensor,lux,
0,2024-09-12T17:49:08.000Z,illuminance_sensor,lux,
0,2024-09-12T17:50:54.000Z,illuminance_sensor,lux,
0,2024-09-12T17:53:19.000Z,illuminance_sensor,lux,
0,2024-09-12T17:55:07.000Z,illuminance_sensor,lux,
0,2024-09-12T17:58:44.000Z,illuminance_sensor,lux,
0,2024-09-12T18:01:39.000Z,illuminance_sensor,lux,
0,2024-09-12T18:03:30.000Z,illuminance_sensor,lux,
0,2024-09-12T18:05:12.000Z,illuminance_sensor,lux,
0,2024-09-12T18:06:53.000Z,illuminance_sensor,lux,
0,2024-09-12T18:13:48.000Z,illuminance_sensor,lux,
0,2024-09-12T18:16:06.000Z,illuminance_sensor,lux,
0,2024-09-12T18:17:13.000Z,illuminance_sensor,lux,
0,2024-09-12T18:18:57.000Z,illuminance_sensor,lux,
0,2024-09-12T18:23:53.000Z,illuminance_sensor,lux,
0,2024-09-12T18:26:11.000Z,illuminance_sensor,lux,
0,2024-09-12T18:31:14.000Z,illuminance_sensor,lux,
0,2024-09-12T18:33:00.000Z,illuminance_sensor,lux,
0,2024-09-12T18:36:10.000Z,illuminance_sensor,lux,
0,2024-09-12T18:49:20.000Z,illuminance_sensor,lux,
0,2024-09-12T18:49:20.000Z,illuminance_sensor,lux,
0,2024-09-12T18:49:20.000Z,illuminance_sensor,lux,
0,2024-09-12T18:49:20.000Z,illuminance_sensor,lux,
0,2024-09-12T18:49:20.000Z,illuminance_sensor,lux,
0,2024-09-12T18:49:20.000Z,illuminance_sensor,lux,
0,2024-09-12T18:49:20.000Z,illuminance_sensor,lux,
0,2024-09-12T18:49:20.000Z,illuminance_sensor,lux,
0,2024-09-12T18:52:35.000Z,illuminance_sensor,lux,
0,2024-09-12T18:52:35.000Z,illuminance_sensor,lux,
0,2024-09-12T18:52:35.000Z,illuminance_sensor,lux,
0,2024-09-12T18:52:35.000Z,illuminance_sensor,lux,
0,2024-09-12T18:52:35.000Z,illuminance_sensor,lux,
0,2024-09-12T18:52:35.000Z,illuminance_sensor,lux,
0,2024-09-12T18:52:35.000Z,illuminance_sensor,lux,
0,2024-09-12T18:52:35.000Z,illuminance_sensor,lux,
0,2024-09-12T18:55:54.000Z,illuminance_sensor,lux,
0,2024-09-12T18:55:54.000Z,illuminance_sensor,lux,
0,2024-09-12T18:55:54.000Z,illuminance_sensor,lux,
0,2024-09-12T18:55:54.000Z,illuminance_sensor,lux,
0,2024-09-12T18:55:54.000Z,illuminance_sensor,lux,
0,2024-09-12T18:55:54.000Z,illuminance_sensor,lux,
0,2024-09-12T18:55:54.000Z,illuminance_sensor,lux,
0,2024-09-12T18:55:54.000Z,illuminance_sensor,lux,
0,2024-09-12T18:55:54.000Z,illuminance_sensor,lux,
0,2024-09-12T18:55:54.000Z,illuminance_sensor,lux,
0,2024-09-12T18:55:54.000Z,illuminance_sensor,lux,
0,2024-09-12T19:01:49.000Z,illuminance_sensor,lux,
0,2024-09-12T19:01:49.000Z,illuminance_sensor,lux,
0,2024-09-12T19:01:49.000Z,illuminance_sensor,lux,
0,2024-09-12T19:01:49.000Z,illuminance_sensor,lux,
0,2024-09-12T19:01:49.000Z,illuminance_sensor,lux,
0,2024-09-12T19:05:13.000Z,illuminance_sensor,lux,
0,2024-09-12T19:05:13.000Z,illuminance_sensor,lux,
0,2024-09-12T19:05:13.000Z,illuminance_sensor,lux,
0,2024-09-12T19:05:13.000Z,illuminance_sensor,lux,
0,2024-09-12T19:05:13.000Z,illuminance_sensor,lux,
0,2024-09-12T19:05:13.000Z,illuminance_sensor,lux,
0,2024-09-12T19:05:13.000Z,illuminance_sensor,lux,
0,2024-09-12T19:05:13.000Z,illuminance_sensor,lux,
0,2024-09-12T19:05:13.000Z,illuminance_sensor,lux,
0,2024-09-12T19:05:13.000Z,illuminance_sensor,lux,
0,2024-09-12T19:05:13.000Z,illuminance_sensor,lux,
0,2024-09-12T19:05:13.000Z,illuminance_sensor,lux,
0,2024-09-12T19:05:13.000Z,illuminance_sensor,lux,
0,2024-09-12T19:05:13.000Z,illuminance_sensor,lux,
0,2024-09-12T19:05:13.000Z,illuminance_sensor,lux,
0,2024-09-12T19:05:13.000Z,illuminance_sensor,lux,
0,2024-09-12T19:05:13.000Z,illuminance_sensor,lux,
0,2024-09-12T19:05:13.000Z,illuminance_sensor,lux,
0,2024-09-12T19:05:13.000Z,illuminance_sensor,lux,
0,2024-09-12T19:05:13.000Z,illuminance_sensor,lux,
0,2024-09-12T19:05:13.000Z,illuminance_sensor,lux,
0,2024-09-12T19:05:13.000Z,illuminance_sensor,lux,
0,2024-09-12T19:05:13.000Z,illuminance_sensor,lux,
0,2024-09-12T19:05:13.000Z,illuminance_sensor,lux,
0,2024-09-12T19:05:13.000Z,illuminance_sensor,lux,
0,2024-09-12T19:05:13.000Z,illuminance_sensor,lux,
0,2024-09-12T19:05:13.000Z,illuminance_sensor,lux,
0,2024-09-12T19:05:13.000Z,illuminance_sensor,lux,
0,2024-09-12T19:05:13.000Z,illuminance_sensor,lux,
0,2024-09-12T19:05:13.000Z,illuminance_sensor,lux,
0,2024-09-12T19:05:13.000Z,illuminance_sensor,lux,
0,2024-09-12T19:05:13.000Z,illuminance_sensor,lux,
0,2024-09-12T19:18:49.000Z,illuminance_sensor,lux,
0,2024-09-12T19:18:49.000Z,illuminance_sensor,lux,
0,2024-09-12T19:18:49.000Z,illuminance_sensor,lux,
0,2024-09-12T19:20:02.000Z,illuminance_sensor,lux,
0,2024-09-12T19:20:02.000Z,illuminance_sensor,lux,
0,2024-09-12T19:20:02.000Z,illuminance_sensor,lux,
0,2024-09-12T19:20:02.000Z,illuminance_sensor,lux,
0,2024-09-12T19:20:02.000Z,illuminance_sensor,lux,
0,2024-09-12T19:20:02.000Z,illuminance_sensor,lux,
0,2024-09-12T19:20:02.000Z,illuminance_sensor,lux,
0,2024-09-12T19:23:20.000Z,illuminance_sensor,lux,
0,2024-09-12T19:23:56.073Z,illuminance_sensor,lux,
0,2024-09-12T19:24:21.075Z,illuminance_sensor,lux,
0,2024-09-12T19:24:46.091Z,illuminance_sensor,lux,
0,2024-09-12T19:25:11.090Z,illuminance_sensor,lux,
0,2024-09-12T19:25:36.092Z,illuminance_sensor,lux,
0,2024-09-12T19:26:01.108Z,illuminance_sensor,lux,
0,2024-09-12T19:26:26.096Z,illuminance_sensor,lux,
0,2024-09-12T19:26:51.095Z,illuminance_sensor,lux,
0,2024-09-12T19:27:16.098Z,illuminance_sensor,lux,
0,2024-09-12T19:27:41.098Z,illuminance_sensor,lux,
0,2024-09-12T19:28:06.094Z,illuminance_sensor,lux,
0,2024-09-12T19:28:31.097Z,illuminance_sensor,lux,
0,2024-09-12T19:28:56.140Z,illuminance_sensor,lux,
0,2024-09-12T19:29:21.126Z,illuminance_sensor,lux,
0,2024-09-12T19:30:09.000Z,illuminance_sensor,lux,
0,2024-09-12T19:30:35.257Z,illuminance_sensor,lux,
0,2024-09-12T19:31:00.252Z,illuminance_sensor,lux,
0,2024-09-12T19:31:25.253Z,illuminance_sensor,lux,
0,2024-09-12T19:31:50.255Z,illuminance_sensor,lux,
0,2024-09-12T19:33:02.578Z,illuminance_sensor,lux,
0,2024-09-12T19:33:27.577Z,illuminance_sensor,lux,
0,2024-09-12T19:33:52.550Z,illuminance_sensor,lux,
0,2024-09-12T19:34:17.545Z,illuminance_sensor,lux,
0,2024-09-12T19:34:42.549Z,illuminance_sensor,lux,
0,2024-09-12T19:35:07.550Z,illuminance_sensor,lux,
0,2024-09-12T19:35:32.548Z,illuminance_sensor,lux,
0,2024-09-12T19:35:57.568Z,illuminance_sensor,lux,
0,2024-09-12T19:36:22.590Z,illuminance_sensor,lux,
0,2024-09-12T19:36:47.570Z,illuminance_sensor,lux,
0,2024-09-12T19:37:12.548Z,illuminance_sensor,lux,
0,2024-09-12T19:37:37.554Z,illuminance_sensor,lux,
0,2024-09-12T19:38:02.588Z,illuminance_sensor,lux,
0,2024-09-12T19:38:27.589Z,illuminance_sensor,lux,
0,2024-09-12T19:38:52.594Z,illuminance_sensor,lux,
0,2024-09-12T19:39:17.591Z,illuminance_sensor,lux,
0,2024-09-12T19:39:42.596Z,illuminance_sensor,lux,
0,2024-09-12T19:40:07.591Z,illuminance_sensor,lux,
0,2024-09-12T19:41:27.450Z,illuminance_sensor,lux,
0,2024-09-12T19:41:52.453Z,illuminance_sensor,lux,
0,2024-09-12T19:42:26.795Z,illuminance_sensor,lux,
0,2024-09-12T19:42:51.809Z,illuminance_sensor,lux,
0,2024-09-12T19:43:16.829Z,illuminance_sensor,lux,
0,2024-09-12T19:43:41.816Z,illuminance_sensor,lux,
0,2024-09-12T19:44:06.838Z,illuminance_sensor,lux,
0,2024-09-12T19:45:19.129Z,illuminance_sensor,lux,
0,2024-09-12T19:45:44.110Z,illuminance_sensor,lux,
0,2024-09-12T19:46:09.108Z,illuminance_sensor,lux,
0,2024-09-12T19:46:34.108Z,illuminance_sensor,lux,
0,2024-09-12T19:46:59.107Z,illuminance_sensor,lux,
0,2024-09-12T19:47:24.123Z,illuminance_sensor,lux,
0,2024-09-12T19:47:49.125Z,illuminance_sensor,lux,
0,2024-09-12T19:48:14.121Z,illuminance_sensor,lux,
0,2024-09-12T19:48:39.132Z,illuminance_sensor,lux,
0,2024-09-12T19:49:04.132Z,illuminance_sensor,lux,
0,2024-09-12T19:49:29.133Z,illuminance_sensor,lux,
0,2024-09-12T19:49:54.132Z,illuminance_sensor,lux,
0,2024-09-12T19:50:19.132Z,illuminance_sensor,lux,
0,2024-09-12T19:50:44.143Z,illuminance_sensor,lux,
0,2024-09-12T19:51:09.142Z,illuminance_sensor,lux,
0,2024-09-12T19:51:34.146Z,illuminance_sensor,lux,
0,2024-09-12T19:51:59.142Z,illuminance_sensor,lux,
0,2024-09-12T19:52:24.148Z,illuminance_sensor,lux,
0,2024-09-12T19:52:49.148Z,illuminance_sensor,lux,
0,2024-09-12T19:53:14.149Z,illuminance_sensor,lux,
0,2024-09-12T19:53:39.153Z,illuminance_sensor,lux,
0,2024-09-12T19:54:04.158Z,illuminance_sensor,lux,
0,2024-09-12T19:54:29.158Z,illuminance_sensor,lux,
0,2024-09-12T19:54:54.159Z,illuminance_sensor,lux,
0,2024-09-12T19:55:19.158Z,illuminance_sensor,lux,
0,2024-09-12T19:55:44.159Z,illuminance_sensor,lux,
0,2024-09-12T19:56:09.159Z,illuminance_sensor,lux,
0,2024-09-12T19:56:34.159Z,illuminance_sensor,lux,
0,2024-09-12T19:56:59.160Z,illuminance_sensor,lux,
0,2024-09-12T19:57:24.160Z,illuminance_sensor,lux,
0,2024-09-12T19:57:49.160Z,illuminance_sensor,lux,
0,2024-09-12T19:58:14.164Z,illuminance_sensor,lux,
0,2024-09-12T19:58:39.164Z,illuminance_sensor,lux,
0,2024-09-12T19:59:04.164Z,illuminance_sensor,lux,
0,2024-09-12T19:59:29.164Z,illuminance_sensor,lux,
0,2024-09-12T19:59:54.164Z,illuminance_sensor,lux,
0,2024-09-12T20:00:19.163Z,illuminance_sensor,lux,
0,2024-09-12T20:00:44.178Z,illuminance_sensor,lux,
0,2024-09-12T20:01:09.175Z,illuminance_sensor,lux,
0,2024-09-12T20:01:34.176Z,illuminance_sensor,lux,
0,2024-09-12T20:01:59.176Z,illuminance_sensor,lux,
0,2024-09-12T20:02:24.175Z,illuminance_sensor,lux,
0,2024-09-12T20:02:49.175Z,illuminance_sensor,lux,
0,2024-09-12T20:03:14.175Z,illuminance_sensor,lux,
0,2024-09-12T20:03:39.176Z,illuminance_sensor,lux,
0,2024-09-12T20:04:04.176Z,illuminance_sensor,lux,
0,2024-09-12T20:04:29.176Z,illuminance_sensor,lux,
0,2024-09-12T20:04:54.176Z,illuminance_sensor,lux,
0,2024-09-12T20:05:19.176Z,illuminance_sensor,lux,
0,2024-09-12T20:05:44.176Z,illuminance_sensor,lux,
0,2024-09-12T20:06:09.177Z,illuminance_sensor,lux,
0,2024-09-12T20:06:34.177Z,illuminance_sensor,lux,
0,2024-09-12T20:06:59.177Z,illuminance_sensor,lux,
0,2024-09-12T20:07:24.177Z,illuminance_sensor,lux,
0,2024-09-12T20:07:49.177Z,illuminance_sensor,lux,
0,2024-09-12T20:08:14.178Z,illuminance_sensor,lux,
0,2024-09-12T20:08:39.178Z,illuminance_sensor,lux,
0,2024-09-12T20:09:04.177Z,illuminance_sensor,lux,
0,2024-09-12T20:09:29.177Z,illuminance_sensor,lux,
0,2024-09-12T20:09:54.177Z,illuminance_sensor,lux,
0,2024-09-12T20:10:19.177Z,illuminance_sensor,lux,
0,2024-09-12T20:10:44.177Z,illuminance_sensor,lux,
0,2024-09-12T20:11:09.177Z,illuminance_sensor,lux,
0,2024-09-12T20:11:34.177Z,illuminance_sensor,lux,
0,2024-09-12T20:11:59.177Z,illuminance_sensor,lux,
0,2024-09-12T20:12:24.178Z,illuminance_sensor,lux,
0,2024-09-12T20:12:49.177Z,illuminance_sensor,lux,
0,2024-09-12T20:13:14.178Z,illuminance_sensor,lux,
0,2024-09-12T20:13:39.177Z,illuminance_sensor,lux,
0,2024-09-12T20:14:04.177Z,illuminance_sensor,lux,
0,2024-09-12T20:14:29.178Z,illuminance_sensor,lux,
0,2024-09-12T20:14:54.177Z,illuminance_sensor,lux,
0,2024-09-12T20:15:19.177Z,illuminance_sensor,lux,
0,2024-09-12T20:15:44.177Z,illuminance_sensor,lux,
0,2024-09-12T20:16:09.177Z,illuminance_sensor,lux,
0,2024-09-12T20:16:34.177Z,illuminance_sensor,lux,
0,2024-09-12T20:16:59.177Z,illuminance_sensor,lux,
0,2024-09-12T20:17:24.177Z,illuminance_sensor,lux,
0,2024-09-12T20:17:49.178Z,illuminance_sensor,lux,
0,2024-09-12T20:18:14.179Z,illuminance_sensor,lux,
0,2024-09-12T20:18:39.179Z,illuminance_sensor,lux,
0,2024-09-12T20:19:04.178Z,illuminance_sensor,lux,
0,2024-09-12T20:19:29.179Z,illuminance_sensor,lux,
0,2024-09-12T20:19:54.178Z,illuminance_sensor,lux,
0,2024-09-12T20:20:19.178Z,illuminance_sensor,lux,
0,2024-09-12T20:20:44.179Z,illuminance_sensor,lux,
0,2024-09-12T20:21:09.180Z,illuminance_sensor,lux,
0,2024-09-12T20:21:34.179Z,illuminance_sensor,lux,
0,2024-09-12T20:21:59.179Z,illuminance_sensor,lux,
0,2024-09-12T20:22:24.179Z,illuminance_sensor,lux,
0,2024-09-12T20:22:49.179Z,illuminance_sensor,lux,
0,2024-09-12T20:23:14.179Z,illuminance_sensor,lux,
0,2024-09-12T20:23:39.179Z,illuminance_sensor,lux,
0,2024-09-12T20:24:04.179Z,illuminance_sensor,lux,
0,2024-09-12T20:24:29.179Z,illuminance_sensor,lux,
0,2024-09-12T20:24:54.179Z,illuminance_sensor,lux,
0,2024-09-12T20:25:19.179Z,illuminance_sensor,lux,
0,2024-09-12T20:25:44.179Z,illuminance_sensor,lux,
0,2024-09-12T20:26:09.179Z,illuminance_sensor,lux,
0,2024-09-12T20:26:34.180Z,illuminance_sensor,lux,
0,2024-09-12T20:26:59.181Z,illuminance_sensor,lux,
0,2024-09-12T20:27:24.181Z,illuminance_sensor,lux,
0,2024-09-12T20:27:49.181Z,illuminance_sensor,lux,
0,2024-09-12T20:28:14.180Z,illuminance_sensor,lux,
0,2024-09-12T20:28:39.180Z,illuminance_sensor,lux,
0,2024-09-12T20:29:04.180Z,illuminance_sensor,lux,
0,2024-09-12T20:29:29.180Z,illuminance_sensor,lux,
0,2024-09-12T20:29:54.180Z,illuminance_sensor,lux,
0,2024-09-12T20:30:19.180Z,illuminance_sensor,lux,
0,2024-09-12T20:30:44.181Z,illuminance_sensor,lux,
0,2024-09-12T20:31:09.181Z,illuminance_sensor,lux,
0,2024-09-12T20:31:34.181Z,illuminance_sensor,lux,
0,2024-09-12T20:31:59.182Z,illuminance_sensor,lux,
0,2024-09-12T20:32:24.181Z,illuminance_sensor,lux,
0,2024-09-12T20:32:49.182Z,illuminance_sensor,lux,
0,2024-09-12T20:33:14.182Z,illuminance_sensor,lux,
0,2024-09-12T20:33:39.182Z,illuminance_sensor,lux,
0,2024-09-12T20:34:04.182Z,illuminance_sensor,lux,
0,2024-09-12T20:34:29.182Z,illuminance_sensor,lux,
0,2024-09-12T20:34:54.182Z,illuminance_sensor,lux,
0,2024-09-12T20:35:19.182Z,illuminance_sensor,lux,
0,2024-09-12T20:35:44.182Z,illuminance_sensor,lux,
0,2024-09-12T20:36:09.183Z,illuminance_sensor,lux,
0,2024-09-12T20:36:34.184Z,illuminance_sensor,lux,
0,2024-09-12T20:36:59.185Z,illuminance_sensor,lux,
0,2024-09-12T20:37:24.185Z,illuminance_sensor,lux,
0,2024-09-12T20:37:49.186Z,illuminance_sensor,lux,
0,2024-09-12T20:38:14.185Z,illuminance_sensor,lux,
0,2024-09-12T20:38:39.185Z,illuminance_sensor,lux,
0,2024-09-12T20:39:04.185Z,illuminance_sensor,lux,
0,2024-09-12T20:39:29.185Z,illuminance_sensor,lux,
0,2024-09-12T20:39:54.185Z,illuminance_sensor,lux,
0,2024-09-12T20:40:19.186Z,illuminance_sensor,lux,
0,2024-09-12T20:40:44.185Z,illuminance_sensor,lux,
0,2024-09-12T20:41:09.185Z,illuminance_sensor,lux,
0,2024-09-12T20:41:34.185Z,illuminance_sensor,lux,
0,2024-09-12T20:41:59.186Z,illuminance_sensor,lux,
0,2024-09-12T20:42:24.185Z,illuminance_sensor,lux,
0,2024-09-12T20:42:49.185Z,illuminance_sensor,lux,
0,2024-09-12T20:43:14.185Z,illuminance_sensor,lux,
0,2024-09-12T20:43:39.185Z,illuminance_sensor,lux,
0,2024-09-12T20:44:04.185Z,illuminance_sensor,lux,
0,2024-09-12T20:44:29.185Z,illuminance_sensor,lux,
0,2024-09-12T20:44:54.185Z,illuminance_sensor,lux,
0,2024-09-12T20:45:19.185Z,illuminance_sensor,lux,
0,2024-09-12T20:45:44.186Z,illuminance_sensor,lux,
0,2024-09-12T20:46:09.188Z,illuminance_sensor,lux,
0,2024-09-12T20:46:34.187Z,illuminance_sensor,lux,
0,2024-09-12T20:46:59.188Z,illuminance_sensor,lux,
0,2024-09-12T20:47:24.189Z,illuminance_sensor,lux,
0,2024-09-12T20:47:49.189Z,illuminance_sensor,lux,
0,2024-09-12T20:48:14.188Z,illuminance_sensor,lux,
0,2024-09-12T20:48:39.189Z,illuminance_sensor,lux,
0,2024-09-12T20:49:04.189Z,illuminance_sensor,lux,
0,2024-09-12T20:49:29.190Z,illuminance_sensor,lux,
0,2024-09-12T20:49:54.191Z,illuminance_sensor,lux,
0,2024-09-12T20:50:19.191Z,illuminance_sensor,lux,
0,2024-09-12T20:50:44.192Z,illuminance_sensor,lux,
0,2024-09-12T20:51:09.191Z,illuminance_sensor,lux,
0,2024-09-12T20:51:34.191Z,illuminance_sensor,lux,
0,2024-09-12T20:51:59.192Z,illuminance_sensor,lux,
0,2024-09-12T20:52:24.192Z,illuminance_sensor,lux,
0,2024-09-12T20:52:49.191Z,illuminance_sensor,lux,
0,2024-09-12T20:53:14.191Z,illuminance_sensor,lux,
0,2024-09-12T20:53:39.192Z,illuminance_sensor,lux,
0,2024-09-12T20:54:04.192Z,illuminance_sensor,lux,
0,2024-09-12T20:54:29.191Z,illuminance_sensor,lux,
0,2024-09-12T20:54:54.192Z,illuminance_sensor,lux,
0,2024-09-12T20:55:19.191Z,illuminance_sensor,lux,
0,2024-09-12T20:55:44.191Z,illuminance_sensor,lux,
0,2024-09-12T20:56:09.209Z,illuminance_sensor,lux,
0,2024-09-12T20:56:34.208Z,illuminance_sensor,lux,
0,2024-09-12T20:56:59.208Z,illuminance_sensor,lux,
0,2024-09-12T20:57:24.218Z,illuminance_sensor,lux,
0,2024-09-12T20:57:49.214Z,illuminance_sensor,lux,
0,2024-09-12T20:58:14.214Z,illuminance_sensor,lux,
0,2024-09-12T20:58:39.215Z,illuminance_sensor,lux,
0,2024-09-12T20:59:04.214Z,illuminance_sensor,lux,
0,2024-09-12T20:59:29.214Z,illuminance_sensor,lux,
0,2024-09-12T20:59:54.214Z,illuminance_sensor,lux,
0,2024-09-12T21:00:19.214Z,illuminance_sensor,lux,
0,2024-09-12T21:00:44.215Z,illuminance_sensor,lux,
0,2024-09-12T21:01:09.218Z,illuminance_sensor,lux,
0,2024-09-12T21:01:34.218Z,illuminance_sensor,lux,
0,2024-09-12T21:01:59.219Z,illuminance_sensor,lux,
0,2024-09-12T21:02:24.218Z,illuminance_sensor,lux,
0,2024-09-12T21:02:49.219Z,illuminance_sensor,lux,
0,2024-09-12T21:03:14.219Z,illuminance_sensor,lux,
0,2024-09-12T21:03:39.219Z,illuminance_sensor,lux,
0,2024-09-12T21:04:04.220Z,illuminance_sensor,lux,
0,2024-09-12T21:04:29.220Z,illuminance_sensor,lux,
0,2024-09-12T21:04:54.220Z,illuminance_sensor,lux,
0,2024-09-12T21:05:19.220Z,illuminance_sensor,lux,
0,2024-09-12T21:05:44.220Z,illuminance_sensor,lux,
0,2024-09-12T21:06:09.220Z,illuminance_sensor,lux,
0,2024-09-12T21:06:34.220Z,illuminance_sensor,lux,
0,2024-09-12T21:06:59.221Z,illuminance_sensor,lux,
0,2024-09-12T21:07:24.220Z,illuminance_sensor,lux,
0,2024-09-12T21:07:49.220Z,illuminance_sensor,lux,
0,2024-09-12T21:08:14.220Z,illuminance_sensor,lux,
0,2024-09-12T21:08:39.220Z,illuminance_sensor,lux,
0,2024-09-12T21:09:04.220Z,illuminance_sensor,lux,
0,2024-09-12T21:09:29.220Z,illuminance_sensor,lux,
0,2024-09-12T21:09:54.220Z,illuminance_sensor,lux,
0,2024-09-12T21:10:19.225Z,illuminance_sensor,lux,
0,2024-09-12T21:10:44.226Z,illuminance_sensor,lux,
0,2024-09-12T21:11:09.225Z,illuminance_sensor,lux,
0,2024-09-12T21:11:34.226Z,illuminance_sensor,lux,
0,2024-09-12T21:11:59.226Z,illuminance_sensor,lux,
0,2024-09-12T21:12:24.225Z,illuminance_sensor,lux,
0,2024-09-12T21:12:49.225Z,illuminance_sensor,lux,
0,2024-09-12T21:13:14.225Z,illuminance_sensor,lux,
0,2024-09-12T21:13:39.226Z,illuminance_sensor,lux,
0,2024-09-12T21:14:04.227Z,illuminance_sensor,lux,
0,2024-09-12T21:14:29.226Z,illuminance_sensor,lux,
0,2024-09-12T21:14:54.226Z,illuminance_sensor,lux,
0,2024-09-12T21:15:19.227Z,illuminance_sensor,lux,
0,2024-09-12T21:15:44.230Z,illuminance_sensor,lux,
0,2024-09-12T21:16:09.230Z,illuminance_sensor,lux,
0,2024-09-12T21:16:34.230Z,illuminance_sensor,lux,
0,2024-09-12T21:16:59.231Z,illuminance_sensor,lux,
0,2024-09-12T21:17:24.230Z,illuminance_sensor,lux,
0,2024-09-12T21:17:49.230Z,illuminance_sensor,lux,
0,2024-09-12T21:18:14.230Z,illuminance_sensor,lux,
0,2024-09-12T21:18:39.230Z,illuminance_sensor,lux,
0,2024-09-12T21:19:04.230Z,illuminance_sensor,lux,
0,2024-09-12T21:19:29.232Z,illuminance_sensor,lux,
0,2024-09-12T21:19:54.233Z,illuminance_sensor,lux,
0,2024-09-12T21:20:19.234Z,illuminance_sensor,lux,
0,2024-09-12T21:20:44.234Z,illuminance_sensor,lux,
0,2024-09-12T21:21:09.234Z,illuminance_sensor,lux,
0,2024-09-12T21:21:34.235Z,illuminance_sensor,lux,
0,2024-09-12T21:21:59.235Z,illuminance_sensor,lux,
0,2024-09-12T21:22:24.235Z,illuminance_sensor,lux,
0,2024-09-12T21:22:49.234Z,illuminance_sensor,lux,
0,2024-09-12T21:23:14.234Z,illuminance_sensor,lux,
0,2024-09-12T21:23:39.234Z,illuminance_sensor,lux,
0,2024-09-12T21:24:04.235Z,illuminance_sensor,lux,
0,2024-09-12T21:24:29.234Z,illuminance_sensor,lux,
0,2024-09-12T21:24:54.234Z,illuminance_sensor,lux,
0,2024-09-12T21:25:19.236Z,illuminance_sensor,lux,
0,2024-09-12T21:25:44.237Z,illuminance_sensor,lux,
0,2024-09-12T21:26:09.236Z,illuminance_sensor,lux,
0,2024-09-12T21:26:34.236Z,illuminance_sensor,lux,
0,2024-09-12T21:26:59.237Z,illuminance_sensor,lux,
0,2024-09-12T21:27:24.237Z,illuminance_sensor,lux,
0,2024-09-12T21:27:49.238Z,illuminance_sensor,lux,
0,2024-09-12T21:28:14.241Z,illuminance_sensor,lux,
0,2024-09-12T21:28:39.237Z,illuminance_sensor,lux,
0,2024-09-12T21:29:04.237Z,illuminance_sensor,lux,
0,2024-09-12T21:29:29.238Z,illuminance_sensor,lux,
0,2024-09-12T21:29:54.238Z,illuminance_sensor,lux,
0,2024-09-12T21:30:19.239Z,illuminance_sensor,lux,
0,2024-09-12T21:30:44.238Z,illuminance_sensor,lux,
0,2024-09-12T21:31:09.238Z,illuminance_sensor,lux,
0,2024-09-12T21:31:34.239Z,illuminance_sensor,lux,
0,2024-09-12T21:31:59.238Z,illuminance_sensor,lux,
0,2024-09-12T21:32:24.238Z,illuminance_sensor,lux,
0,2024-09-12T21:32:49.238Z,illuminance_sensor,lux,
0,2024-09-12T21:33:14.243Z,illuminance_sensor,lux,
0,2024-09-12T21:33:39.242Z,illuminance_sensor,lux,
0,2024-09-12T21:34:04.240Z,illuminance_sensor,lux,
0,2024-09-12T21:34:29.240Z,illuminance_sensor,lux,
0,2024-09-12T21:34:54.240Z,illuminance_sensor,lux,
0,2024-09-12T21:35:19.240Z,illuminance_sensor,lux,
0,2024-09-12T21:35:44.240Z,illuminance_sensor,lux,
0,2024-09-12T21:36:09.240Z,illuminance_sensor,lux,
0,2024-09-12T21:36:34.240Z,illuminance_sensor,lux,
0,2024-09-12T21:36:59.241Z,illuminance_sensor,lux,
0,2024-09-12T21:37:24.240Z,illuminance_sensor,lux,
0,2024-09-12T21:37:49.240Z,illuminance_sensor,lux,
0,2024-09-12T21:38:14.240Z,illuminance_sensor,lux,
0,2024-09-12T21:38:39.241Z,illuminance_sensor,lux,
0,2024-09-12T21:39:04.241Z,illuminance_sensor,lux,
0,2024-09-12T21:39:29.243Z,illuminance_sensor,lux,
0,2024-09-12T21:39:54.242Z,illuminance_sensor,lux,
0,2024-09-12T21:40:19.242Z,illuminance_sensor,lux,
0,2024-09-12T21:40:44.242Z,illuminance_sensor,lux,
0,2024-09-12T21:41:09.242Z,illuminance_sensor,lux,
0,2024-09-12T21:41:34.242Z,illuminance_sensor,lux,
0,2024-09-12T21:41:59.243Z,illuminance_sensor,lux,
0,2024-09-12T21:42:24.242Z,illuminance_sensor,lux,
0,2024-09-12T21:42:49.243Z,illuminance_sensor,lux,
0,2024-09-12T21:43:14.244Z,illuminance_sensor,lux,
0,2024-09-12T21:43:39.244Z,illuminance_sensor,lux,
0,2024-09-12T21:44:04.245Z,illuminance_sensor,lux,
0,2024-09-12T21:44:29.245Z,illuminance_sensor,lux,
0,2024-09-12T21:44:54.246Z,illuminance_sensor,lux,
0,2024-09-12T21:45:19.245Z,illuminance_sensor,lux,
0,2024-09-12T21:45:44.245Z,illuminance_sensor,lux,
0,2024-09-12T21:46:09.246Z,illuminance_sensor,lux,
0,2024-09-12T21:46:34.245Z,illuminance_sensor,lux,
0,2024-09-12T21:46:59.246Z,illuminance_sensor,lux,
0,2024-09-12T21:47:24.246Z,illuminance_sensor,lux,
0,2024-09-12T21:47:49.246Z,illuminance_sensor,lux,
0,2024-09-12T21:48:14.246Z,illuminance_sensor,lux,
0,2024-09-12T21:48:39.246Z,illuminance_sensor,lux,
0,2024-09-12T21:49:04.246Z,illuminance_sensor,lux,
0,2024-09-12T21:49:29.246Z,illuminance_sensor,lux,
0,2024-09-12T21:49:54.247Z,illuminance_sensor,lux,
0,2024-09-12T21:50:19.247Z,illuminance_sensor,lux,
0,2024-09-12T21:50:44.247Z,illuminance_sensor,lux,
0,2024-09-12T21:51:09.248Z,illuminance_sensor,lux,
0,2024-09-12T21:51:34.247Z,illuminance_sensor,lux,
0,2024-09-12T21:51:59.247Z,illuminance_sensor,lux,
0,2024-09-12T21:52:24.248Z,illuminance_sensor,lux,
0,2024-09-12T21:52:49.247Z,illuminance_sensor,lux,
0,2024-09-12T21:53:14.247Z,illuminance_sensor,lux,
0,2024-09-12T21:53:39.249Z,illuminance_sensor,lux,
0,2024-09-12T21:54:04.248Z,illuminance_sensor,lux,
0,2024-09-12T21:54:29.248Z,illuminance_sensor,lux,
0,2024-09-12T21:54:54.248Z,illuminance_sensor,lux,
0,2024-09-12T21:55:19.248Z,illuminance_sensor,lux,
0,2024-09-12T21:55:44.248Z,illuminance_sensor,lux,
0,2024-09-12T21:56:09.249Z,illuminance_sensor,lux,
0,2024-09-12T21:56:34.249Z,illuminance_sensor,lux,
0,2024-09-12T21:56:59.250Z,illuminance_sensor,lux,
0,2024-09-12T21:57:24.251Z,illuminance_sensor,lux,
0,2024-09-12T21:57:49.252Z,illuminance_sensor,lux,
0,2024-09-12T21:58:14.252Z,illuminance_sensor,lux,
0,2024-09-12T21:58:39.252Z,illuminance_sensor,lux,
0,2024-09-12T21:59:04.252Z,illuminance_sensor,lux,
0,2024-09-12T21:59:29.252Z,illuminance_sensor,lux,
0,2024-09-12T21:59:54.252Z,illuminance_sensor,lux,
0,2024-09-12T22:00:19.255Z,illuminance_sensor,lux,
0,2024-09-12T22:00:44.255Z,illuminance_sensor,lux,
0,2024-09-12T22:01:09.255Z,illuminance_sensor,lux,
0,2024-09-12T22:01:34.255Z,illuminance_sensor,lux,
0,2024-09-12T22:01:59.256Z,illuminance_sensor,lux,
0,2024-09-12T22:02:24.256Z,illuminance_sensor,lux,
0,2024-09-12T22:02:49.256Z,illuminance_sensor,lux,
0,2024-09-12T22:03:14.257Z,illuminance_sensor,lux,
0,2024-09-12T22:03:39.258Z,illuminance_sensor,lux,
0,2024-09-12T22:04:04.258Z,illuminance_sensor,lux,
0,2024-09-12T22:04:29.258Z,illuminance_sensor,lux,
0,2024-09-12T22:04:54.258Z,illuminance_sensor,lux,
0,2024-09-12T22:05:19.259Z,illuminance_sensor,lux,
0,2024-09-12T22:05:44.258Z,illuminance_sensor,lux,
0,2024-09-12T22:06:09.258Z,illuminance_sensor,lux,
0,2024-09-12T22:06:34.258Z,illuminance_sensor,lux,
0,2024-09-12T22:06:59.258Z,illuminance_sensor,lux,
0,2024-09-12T22:07:24.258Z,illuminance_sensor,lux,
0,2024-09-12T22:07:49.258Z,illuminance_sensor,lux,
0,2024-09-12T22:08:14.259Z,illuminance_sensor,lux,
0,2024-09-12T22:08:39.259Z,illuminance_sensor,lux,
0,2024-09-12T22:09:04.258Z,illuminance_sensor,lux,
0,2024-09-12T22:09:29.258Z,illuminance_sensor,lux,
0,2024-09-12T22:09:54.258Z,illuminance_sensor,lux,
0,2024-09-12T22:10:19.259Z,illuminance_sensor,lux,
0,2024-09-12T22:10:44.259Z,illuminance_sensor,lux,
0,2024-09-12T22:11:09.259Z,illuminance_sensor,lux,
0,2024-09-12T22:11:34.259Z,illuminance_sensor,lux,
0,2024-09-12T22:11:59.259Z,illuminance_sensor,lux,
0,2024-09-12T22:12:24.258Z,illuminance_sensor,lux,
0,2024-09-12T22:12:49.258Z,illuminance_sensor,lux,
0,2024-09-12T22:13:14.259Z,illuminance_sensor,lux,
0,2024-09-12T22:13:39.258Z,illuminance_sensor,lux,
0,2024-09-12T22:14:04.259Z,illuminance_sensor,lux,
0,2024-09-12T22:14:29.259Z,illuminance_sensor,lux,
0,2024-09-12T22:14:54.258Z,illuminance_sensor,lux,
0,2024-09-12T22:15:19.259Z,illuminance_sensor,lux,
0,2024-09-12T22:15:44.258Z,illuminance_sensor,lux,
0,2024-09-12T22:16:09.259Z,illuminance_sensor,lux,
0,2024-09-12T22:16:34.258Z,illuminance_sensor,lux,
0,2024-09-12T22:16:59.258Z,illuminance_sensor,lux,
0,2024-09-12T22:17:24.258Z,illuminance_sensor,lux,
0,2024-09-12T22:17:49.258Z,illuminance_sensor,lux,
0,2024-09-12T22:18:14.259Z,illuminance_sensor,lux,
0,2024-09-12T22:18:39.259Z,illuminance_sensor,lux,
0,2024-09-12T22:19:04.258Z,illuminance_sensor,lux,
0,2024-09-12T22:20:05.292Z,illuminance_sensor,lux,
0,2024-09-12T22:20:30.293Z,illuminance_sensor,lux,
0,2024-09-12T22:20:55.271Z,illuminance_sensor,lux,
0,2024-09-12T22:21:20.321Z,illuminance_sensor,lux,
0,2024-09-12T22:21:45.309Z,illuminance_sensor,lux,
0,2024-09-12T22:22:10.314Z,illuminance_sensor,lux,
0,2024-09-12T22:22:35.312Z,illuminance_sensor,lux,
0,2024-09-12T22:23:00.310Z,illuminance_sensor,lux,
0,2024-09-12T22:23:25.314Z,illuminance_sensor,lux,
0,2024-09-12T22:23:50.332Z,illuminance_sensor,lux,
0,2024-09-12T22:24:15.329Z,illuminance_sensor,lux,
0,2024-09-12T22:24:40.331Z,illuminance_sensor,lux,
0,2024-09-12T22:25:05.331Z,illuminance_sensor,lux,
0,2024-09-12T22:25:30.348Z,illuminance_sensor,lux,
0,2024-09-12T22:25:55.341Z,illuminance_sensor,lux,
0,2024-09-12T22:26:20.350Z,illuminance_sensor,lux,
0,2024-09-12T22:26:45.349Z,illuminance_sensor,lux,
0,2024-09-12T22:27:10.349Z,illuminance_sensor,lux,
0,2024-09-12T22:27:35.357Z,illuminance_sensor,lux,
0,2024-09-12T22:28:00.356Z,illuminance_sensor,lux,
0,2024-09-12T22:28:25.357Z,illuminance_sensor,lux,
0,2024-09-12T22:28:50.358Z,illuminance_sensor,lux,
0,2024-09-12T22:29:15.358Z,illuminance_sensor,lux,
0,2024-09-12T22:29:40.359Z,illuminance_sensor,lux,
0,2024-09-12T22:30:05.358Z,illuminance_sensor,lux,
0,2024-09-12T22:30:30.359Z,illuminance_sensor,lux,
0,2024-09-12T22:30:55.360Z,illuminance_sensor,lux,
0,2024-09-12T22:31:20.359Z,illuminance_sensor,lux,
0,2024-09-12T22:31:45.359Z,illuminance_sensor,lux,
0,2024-09-12T22:32:10.359Z,illuminance_sensor,lux,
0,2024-09-12T22:32:35.363Z,illuminance_sensor,lux,
0,2024-09-12T22:33:00.361Z,illuminance_sensor,lux,
0,2024-09-12T22:33:25.361Z,illuminance_sensor,lux,
0,2024-09-12T22:33:50.361Z,illuminance_sensor,lux,
0,2024-09-12T22:34:15.361Z,illuminance_sensor,lux,
0,2024-09-12T22:34:40.361Z,illuminance_sensor,lux,
0,2024-09-12T22:35:05.361Z,illuminance_sensor,lux,
0,2024-09-12T22:35:30.361Z,illuminance_sensor,lux,
0,2024-09-12T22:35:55.363Z,illuminance_sensor,lux,
0,2024-09-12T22:36:20.361Z,illuminance_sensor,lux,
0,2024-09-12T22:36:45.361Z,illuminance_sensor,lux,
0,2024-09-12T22:37:10.363Z,illuminance_sensor,lux,
0,2024-09-12T22:37:35.362Z,illuminance_sensor,lux,
0,2024-09-12T22:38:00.363Z,illuminance_sensor,lux,
0,2024-09-12T22:38:25.363Z,illuminance_sensor,lux,
0,2024-09-12T22:38:50.364Z,illuminance_sensor,lux,
0,2024-09-12T22:39:15.364Z,illuminance_sensor,lux,
0,2024-09-12T22:39:40.364Z,illuminance_sensor,lux,
0,2024-09-12T22:41:05.593Z,illuminance_sensor,lux,
0,2024-09-12T22:41:30.573Z,illuminance_sensor,lux,
0,2024-09-12T22:41:55.582Z,illuminance_sensor,lux,
0,2024-09-12T22:43:01.249Z,illuminance_sensor,lux,
0,2024-09-12T22:43:54.124Z,illuminance_sensor,lux,
0,2024-09-12T22:44:19.127Z,illuminance_sensor,lux,
0,2024-09-12T22:44:44.128Z,illuminance_sensor,lux,
0,2024-09-12T22:45:09.153Z,illuminance_sensor,lux,
0,2024-09-12T22:45:34.130Z,illuminance_sensor,lux,
0,2024-09-12T22:45:59.126Z,illuminance_sensor,lux,
0,2024-09-12T22:47:03.336Z,illuminance_sensor,lux,
0,2024-09-12T22:47:28.338Z,illuminance_sensor,lux,
0,2024-09-12T22:47:53.350Z,illuminance_sensor,lux,
0,2024-09-12T22:48:18.365Z,illuminance_sensor,lux,
0,2024-09-12T22:48:43.378Z,illuminance_sensor,lux,
0,2024-09-12T22:49:08.365Z,illuminance_sensor,lux,
0,2024-09-12T22:49:33.384Z,illuminance_sensor,lux,
0,2024-09-12T22:49:58.363Z,illuminance_sensor,lux,
0,2024-09-12T22:50:23.374Z,illuminance_sensor,lux,
0,2024-09-12T22:50:48.352Z,illuminance_sensor,lux,
0,2024-09-12T22:51:13.349Z,illuminance_sensor,lux,
0,2024-09-12T22:51:38.350Z,illuminance_sensor,lux,
0,2024-09-12T22:52:03.353Z,illuminance_sensor,lux,
0,2024-09-12T22:52:28.352Z,illuminance_sensor,lux,
0,2024-09-12T22:52:53.352Z,illuminance_sensor,lux,
0,2024-09-12T22:53:18.353Z,illuminance_sensor,lux,
0,2024-09-12T22:53:43.394Z,illuminance_sensor,lux,
0,2024-09-12T22:54:08.395Z,illuminance_sensor,lux,
0,2024-09-12T22:54:33.363Z,illuminance_sensor,lux,
0,2024-09-12T22:54:58.358Z,illuminance_sensor,lux,
0,2024-09-12T22:55:23.361Z,illuminance_sensor,lux,
0,2024-09-12T22:55:48.358Z,illuminance_sensor,lux,
0,2024-09-12T22:56:13.361Z,illuminance_sensor,lux,
0,2024-09-12T22:56:38.362Z,illuminance_sensor,lux,
0,2024-09-12T22:57:03.359Z,illuminance_sensor,lux,
0,2024-09-12T22:57:28.365Z,illuminance_sensor,lux,
0,2024-09-12T22:57:53.361Z,illuminance_sensor,lux,
0,2024-09-12T22:58:18.362Z,illuminance_sensor,lux,
0,2024-09-12T22:58:43.361Z,illuminance_sensor,lux,
0,2024-09-12T22:59:08.360Z,illuminance_sensor,lux,
0,2024-09-12T22:59:33.361Z,illuminance_sensor,lux,
0,2024-09-12T22:59:58.359Z,illuminance_sensor,lux,
0,2024-09-12T23:00:23.361Z,illuminance_sensor,lux,
0,2024-09-12T23:00:48.401Z,illuminance_sensor,lux,
0,2024-09-12T23:01:13.400Z,illuminance_sensor,lux,
0,2024-09-12T23:01:38.386Z,illuminance_sensor,lux,
0,2024-09-12T23:02:03.407Z,illuminance_sensor,lux,
0,2024-09-12T23:02:28.404Z,illuminance_sensor,lux,
0,2024-09-12T23:02:53.404Z,illuminance_sensor,lux,
0,2024-09-12T23:03:18.406Z,illuminance_sensor,lux,
0,2024-09-12T23:03:43.405Z,illuminance_sensor,lux,
0,2024-09-12T23:04:08.405Z,illuminance_sensor,lux,
0,2024-09-12T23:04:33.406Z,illuminance_sensor,lux,
0,2024-09-12T23:04:58.407Z,illuminance_sensor,lux,
0,2024-09-12T23:05:23.406Z,illuminance_sensor,lux,
0,2024-09-12T23:05:48.406Z,illuminance_sensor,lux,
0,2024-09-12T23:06:13.406Z,illuminance_sensor,lux,
0,2024-09-12T23:06:38.407Z,illuminance_sensor,lux,
0,2024-09-12T23:07:03.407Z,illuminance_sensor,lux,
0,2024-09-12T23:07:28.407Z,illuminance_sensor,lux,
0,2024-09-12T23:07:53.407Z,illuminance_sensor,lux,
0,2024-09-12T23:08:18.408Z,illuminance_sensor,lux,
0,2024-09-12T23:08:43.408Z,illuminance_sensor,lux,
0,2024-09-12T23:09:08.410Z,illuminance_sensor,lux,
0,2024-09-12T23:09:33.408Z,illuminance_sensor,lux,
0,2024-09-12T23:09:58.408Z,illuminance_sensor,lux,
0,2024-09-12T23:10:23.408Z,illuminance_sensor,lux,
0,2024-09-12T23:10:48.409Z,illuminance_sensor,lux,
0,2024-09-12T23:11:13.410Z,illuminance_sensor,lux,
0,2024-09-12T23:11:38.414Z,illuminance_sensor,lux,
0,2024-09-12T23:12:03.414Z,illuminance_sensor,lux,
0,2024-09-12T23:12:28.415Z,illuminance_sensor,lux,
0,2024-09-12T23:12:53.414Z,illuminance_sensor,lux,
0,2024-09-12T23:13:18.414Z,illuminance_sensor,lux,
0,2024-09-12T23:13:43.414Z,illuminance_sensor,lux,
0,2024-09-12T23:14:08.414Z,illuminance_sensor,lux,
0,2024-09-12T23:14:33.414Z,illuminance_sensor,lux,
0,2024-09-12T23:14:58.414Z,illuminance_sensor,lux,
0,2024-09-12T23:15:23.414Z,illuminance_sensor,lux,
0,2024-09-12T23:15:48.414Z,illuminance_sensor,lux,
0,2024-09-12T23:16:13.414Z,illuminance_sensor,lux,
0,2024-09-12T23:16:38.415Z,illuminance_sensor,lux,
0,2024-09-12T23:17:03.414Z,illuminance_sensor,lux,
0,2024-09-12T23:17:28.414Z,illuminance_sensor,lux,
0,2024-09-12T23:17:53.414Z,illuminance_sensor,lux,
0,2024-09-12T23:18:18.414Z,illuminance_sensor,lux,
0,2024-09-12T23:18:43.414Z,illuminance_sensor,lux,
0,2024-09-12T23:19:08.414Z,illuminance_sensor,lux,
0,2024-09-12T23:19:33.427Z,illuminance_sensor,lux,
0,2024-09-12T23:19:58.426Z,illuminance_sensor,lux,
0,2024-09-12T23:20:23.426Z,illuminance_sensor,lux,
0,2024-09-12T23:20:48.426Z,illuminance_sensor,lux,
0,2024-09-12T23:21:13.426Z,illuminance_sensor,lux,
0,2024-09-12T23:21:38.426Z,illuminance_sensor,lux,
0,2024-09-12T23:22:03.426Z,illuminance_sensor,lux,
0,2024-09-12T23:22:28.426Z,illuminance_sensor,lux,
0,2024-09-12T23:22:53.426Z,illuminance_sensor,lux,
0,2024-09-12T23:23:18.426Z,illuminance_sensor,lux,
0,2024-09-12T23:23:43.426Z,illuminance_sensor,lux,
0,2024-09-12T23:24:08.426Z,illuminance_sensor,lux,
0,2024-09-12T23:24:33.426Z,illuminance_sensor,lux,
0,2024-09-12T23:24:58.426Z,illuminance_sensor,lux,
0,2024-09-12T23:25:23.426Z,illuminance_sensor,lux,
0,2024-09-12T23:25:48.426Z,illuminance_sensor,lux,
0,2024-09-12T23:26:13.426Z,illuminance_sensor,lux,
0,2024-09-12T23:26:38.427Z,illuminance_sensor,lux,
0,2024-09-12T23:27:03.426Z,illuminance_sensor,lux,
0,2024-09-12T23:27:28.427Z,illuminance_sensor,lux,
0,2024-09-12T23:27:53.427Z,illuminance_sensor,lux,
0,2024-09-12T23:28:18.427Z,illuminance_sensor,lux,
0,2024-09-12T23:28:43.428Z,illuminance_sensor,lux,
0,2024-09-12T23:29:08.429Z,illuminance_sensor,lux,
0,2024-09-12T23:29:33.428Z,illuminance_sensor,lux,
0,2024-09-12T23:29:58.428Z,illuminance_sensor,lux,
0,2024-09-12T23:30:23.429Z,illuminance_sensor,lux,
0,2024-09-12T23:30:48.428Z,illuminance_sensor,lux,
0,2024-09-12T23:31:13.429Z,illuminance_sensor,lux,
0,2024-09-12T23:31:38.428Z,illuminance_sensor,lux,
0,2024-09-12T23:32:03.429Z,illuminance_sensor,lux,
0,2024-09-12T23:32:28.429Z,illuminance_sensor,lux,
0,2024-09-12T23:32:53.430Z,illuminance_sensor,lux,
0,2024-09-12T23:33:18.430Z,illuminance_sensor,lux,
0,2024-09-12T23:33:43.429Z,illuminance_sensor,lux,
0,2024-09-12T23:34:08.429Z,illuminance_sensor,lux,
0,2024-09-12T23:34:33.430Z,illuminance_sensor,lux,
0,2024-09-12T23:34:58.430Z,illuminance_sensor,lux,
0,2024-09-12T23:35:23.431Z,illuminance_sensor,lux,
0,2024-09-12T23:35:48.431Z,illuminance_sensor,lux,
0,2024-09-12T23:36:13.432Z,illuminance_sensor,lux,
0,2024-09-12T23:36:38.432Z,illuminance_sensor,lux,
0,2024-09-12T23:37:03.432Z,illuminance_sensor,lux,
0,2024-09-12T23:37:28.432Z,illuminance_sensor,lux,
0,2024-09-12T23:37:53.432Z,illuminance_sensor,lux,
0,2024-09-12T23:38:18.432Z,illuminance_sensor,lux,
0,2024-09-12T23:38:43.433Z,illuminance_sensor,lux,
0,2024-09-12T23:39:08.433Z,illuminance_sensor,lux,
0,2024-09-12T23:39:33.432Z,illuminance_sensor,lux,
0,2024-09-12T23:39:58.433Z,illuminance_sensor,lux,
0,2024-09-12T23:40:23.434Z,illuminance_sensor,lux,
0,2024-09-12T23:40:48.434Z,illuminance_sensor,lux,
0,2024-09-12T23:41:13.434Z,illuminance_sensor,lux,
0,2024-09-12T23:41:38.435Z,illuminance_sensor,lux,
0,2024-09-12T23:42:03.434Z,illuminance_sensor,lux,
0,2024-09-12T23:42:28.435Z,illuminance_sensor,lux,
0,2024-09-12T23:42:53.435Z,illuminance_sensor,lux,
0,2024-09-12T23:43:18.435Z,illuminance_sensor,lux,
0,2024-09-12T23:43:43.435Z,illuminance_sensor,lux,
0,2024-09-12T23:44:08.434Z,illuminance_sensor,lux,
0,2024-09-12T23:44:33.434Z,illuminance_sensor,lux,
0,2024-09-12T23:44:58.434Z,illuminance_sensor,lux,
0,2024-09-12T23:45:23.435Z,illuminance_sensor,lux,
0,2024-09-12T23:45:48.435Z,illuminance_sensor,lux,
0,2024-09-12T23:46:13.435Z,illuminance_sensor,lux,
0,2024-09-12T23:46:38.436Z,illuminance_sensor,lux,
0,2024-09-12T23:47:03.441Z,illuminance_sensor,lux,
0,2024-09-12T23:47:28.439Z,illuminance_sensor,lux,
0,2024-09-12T23:47:53.448Z,illuminance_sensor,lux,
0,2024-09-12T23:48:18.445Z,illuminance_sensor,lux,
0,2024-09-12T23:48:43.445Z,illuminance_sensor,lux,
0,2024-09-12T23:49:08.448Z,illuminance_sensor,lux,
0,2024-09-12T23:49:33.446Z,illuminance_sensor,lux,
0,2024-09-12T23:49:58.446Z,illuminance_sensor,lux,
0,2024-09-12T23:50:23.450Z,illuminance_sensor,lux,
0,2024-09-12T23:50:48.449Z,illuminance_sensor,lux,
0,2024-09-12T23:51:13.450Z,illuminance_sensor,lux,
0,2024-09-12T23:51:38.452Z,illuminance_sensor,lux,
0,2024-09-12T23:52:03.450Z,illuminance_sensor,lux,
0,2024-09-12T23:52:28.451Z,illuminance_sensor,lux,
0,2024-09-12T23:52:53.454Z,illuminance_sensor,lux,
0,2024-09-12T23:53:18.453Z,illuminance_sensor,lux,
0,2024-09-12T23:53:43.454Z,illuminance_sensor,lux,
0,2024-09-12T23:54:08.454Z,illuminance_sensor,lux,
0,2024-09-12T23:54:33.454Z,illuminance_sensor,lux,
0,2024-09-12T23:54:58.454Z,illuminance_sensor,lux,
0,2024-09-12T23:55:23.454Z,illuminance_sensor,lux,
0,2024-09-12T23:55:48.455Z,illuminance_sensor,lux,
0,2024-09-12T23:56:13.455Z,illuminance_sensor,lux,
0,2024-09-12T23:56:38.455Z,illuminance_sensor,lux,
0,2024-09-12T23:57:03.455Z,illuminance_sensor,lux,
0,2024-09-12T23:57:28.456Z,illuminance_sensor,lux,
0,2024-09-12T23:57:53.456Z,illuminance_sensor,lux,
0,2024-09-12T23:58:18.457Z,illuminance_sensor,lux,
0,2024-09-12T23:58:43.458Z,illuminance_sensor,lux,
0,2024-09-12T23:59:08.457Z,illuminance_sensor,lux,
0,2024-09-12T23:59:33.456Z,illuminance_sensor,lux,
0,2024-09-12T23:59:58.456Z,illuminance_sensor,lux,
0,2024-09-13T00:00:23.462Z,illuminance_sensor,lux,
